-- MySQL dump 10.13  Distrib 8.0.44, for Linux (x86_64)
--
-- Host: localhost    Database: xinfu_db
-- ------------------------------------------------------
-- Server version	8.0.44

/*!40101 SET @OLD_CHARACTER_SET_CLIENT=@@CHARACTER_SET_CLIENT */;
/*!40101 SET @OLD_CHARACTER_SET_RESULTS=@@CHARACTER_SET_RESULTS */;
/*!40101 SET @OLD_COLLATION_CONNECTION=@@COLLATION_CONNECTION */;
/*!50503 SET NAMES utf8mb4 */;
/*!40103 SET @OLD_TIME_ZONE=@@TIME_ZONE */;
/*!40103 SET TIME_ZONE='+00:00' */;
/*!40014 SET @OLD_UNIQUE_CHECKS=@@UNIQUE_CHECKS, UNIQUE_CHECKS=0 */;
/*!40014 SET @OLD_FOREIGN_KEY_CHECKS=@@FOREIGN_KEY_CHECKS, FOREIGN_KEY_CHECKS=0 */;
/*!40101 SET @OLD_SQL_MODE=@@SQL_MODE, SQL_MODE='NO_AUTO_VALUE_ON_ZERO' */;
/*!40111 SET @OLD_SQL_NOTES=@@SQL_NOTES, SQL_NOTES=0 */;

--
-- Table structure for table `app_user`
--

DROP TABLE IF EXISTS `app_user`;
/*!40101 SET @saved_cs_client     = @@character_set_client */;
/*!50503 SET character_set_client = utf8mb4 */;
CREATE TABLE `app_user` (
  `id` varchar(20) COLLATE utf8mb4_unicode_ci NOT NULL COMMENT '前台用户ID (如: XFL00100030)',
  `store_id` char(6) COLLATE utf8mb4_unicode_ci NOT NULL COMMENT '所属门店ID',
  `phone` varchar(20) COLLATE utf8mb4_unicode_ci NOT NULL COMMENT '手机号',
  `password` varchar(100) COLLATE utf8mb4_unicode_ci NOT NULL COMMENT '加密密码',
  `status` tinyint NOT NULL DEFAULT '1' COMMENT '状态: 1-正常, 0-禁用',
  `created_at` datetime NOT NULL DEFAULT CURRENT_TIMESTAMP COMMENT '注册时间',
  `updated_at` datetime NOT NULL DEFAULT CURRENT_TIMESTAMP ON UPDATE CURRENT_TIMESTAMP COMMENT '更新时间',
  PRIMARY KEY (`id`),
  UNIQUE KEY `uk_phone` (`phone`),
  KEY `idx_store_id` (`store_id`),
  KEY `idx_status` (`status`)
) ENGINE=InnoDB DEFAULT CHARSET=utf8mb4 COLLATE=utf8mb4_unicode_ci COMMENT='前台用户表';
/*!40101 SET character_set_client = @saved_cs_client */;

--
-- Dumping data for table `app_user`
--

LOCK TABLES `app_user` WRITE;
/*!40000 ALTER TABLE `app_user` DISABLE KEYS */;
INSERT INTO `app_user` VALUES ('XFL00100001','XFL001','13800000001','$2b$10$abcdefghijklmnopqrstuvwxyzABCDEFGHIJKLMN',1,'2026-01-20 11:09:40','2026-01-20 11:09:40'),('XFL00100002','XFL001','13800000002','$2b$10$abcdefghijklmnopqrstuvwxyzABCDEFGHIJKLMN',1,'2026-01-20 11:09:40','2026-01-20 11:09:40'),('XFL00100003','XFL001','13800000003','$2b$10$abcdefghijklmnopqrstuvwxyzABCDEFGHIJKLMN',1,'2026-01-20 11:09:40','2026-01-20 11:09:40'),('XFL00100004','XFL001','13800000004','$2b$10$abcdefghijklmnopqrstuvwxyzABCDEFGHIJKLMN',1,'2026-01-20 11:09:40','2026-01-20 11:09:40'),('XFL00100005','XFL001','13800000005','$2b$10$abcdefghijklmnopqrstuvwxyzABCDEFGHIJKLMN',1,'2026-01-20 11:09:40','2026-01-20 11:09:40'),('XFL00100006','XFL001','13800000006','$2b$10$abcdefghijklmnopqrstuvwxyzABCDEFGHIJKLMN',1,'2026-01-20 11:09:40','2026-01-20 11:09:40'),('XFL00100007','XFL001','13800000007','$2b$10$abcdefghijklmnopqrstuvwxyzABCDEFGHIJKLMN',1,'2026-01-20 11:09:40','2026-01-20 11:09:40'),('XFL00100008','XFL001','13800000008','$2b$10$abcdefghijklmnopqrstuvwxyzABCDEFGHIJKLMN',1,'2026-01-20 11:09:40','2026-01-20 11:09:40'),('XFL00100009','XFL001','13800000009','$2b$10$abcdefghijklmnopqrstuvwxyzABCDEFGHIJKLMN',1,'2026-01-20 11:09:41','2026-01-20 11:09:41'),('XFL00100843','XFL001','13318204823','$2b$10$dJ7z2F9Yc37P4mWgt07suemhx/RUUXII1iPul/.1jrL9YZH8EEmhe',1,'2026-01-21 10:16:04','2026-01-21 10:16:04'),('XFL00116807','XFL001','15521303903','$2b$10$PU4oDAfld/C3oAg9IXN6v.2ASJFLmqS6kKSGjcb4WfT4wDdDZAEqG',1,'2026-01-20 12:16:15','2026-01-20 12:16:15'),('XFL00117650','XFL001','15858331077','$2b$10$3zDtG4cJO9YpBwLTkBEgpuTtBKUTuql4OrUkbOA294MOATCd1k7/e',1,'2026-01-21 22:18:59','2026-01-21 22:18:59'),('XFL00133614','XFL001','13435401570','$2b$10$HusISOYexelc0iWdemnbneS9E8pZJ4ZBr6uFbx7V3QJ0iCWFL0uuO',1,'2026-01-20 15:30:40','2026-01-20 15:30:40'),('XFL00134457','XFL001','19983462199','$2b$10$30MmAemEf469WN4vkn5bI.cRCAf7B3keexPZntzUI0xzc2dZpY.Zq',1,'2026-01-21 22:19:04','2026-01-21 22:19:04'),('XFL00150421','XFL001','13288338373','$2b$10$skjwzejsjfACuUy/Zi9ixuDZY9gISrXhbYdsByqu1IEhLKs1NrE3u',1,'2026-01-20 15:33:49','2026-01-20 15:33:49'),('XFL00151264','XFL001','15231917191','$2b$10$cTj3I.jQSvnpfMDPiPyhReQoK9Ykdtxcs5YRsOo.xNQu9q8eXUrf.',1,'2026-01-21 22:19:18','2026-01-21 22:19:18'),('XFL00167228','XFL001','13927757403','$2b$10$zg2fyJXchKUA2EZBijZaRe9LuCs0/KvXfH6y7KDFOuHwWkUQeUvDe',1,'2026-01-20 15:39:38','2026-01-20 15:39:38'),('XFL00168071','XFL001','18981644111','$2b$10$YVa6H8uhodXClglL9gmiW.xB5R.QXH8LWp/ypN/nINQ.vH9qtvz3K',1,'2026-01-21 22:20:50','2026-01-21 22:20:50'),('XFL00184035','XFL001','13318206823','$2b$10$2NwFhRV2d8wCRkqOWa.2C.NxFvh06g5eAehNtOQqEkdnFVOnqy2gi',1,'2026-01-20 16:08:50','2026-01-20 16:08:50');
/*!40000 ALTER TABLE `app_user` ENABLE KEYS */;
UNLOCK TABLES;

--
-- Table structure for table `app_user_profile`
--

DROP TABLE IF EXISTS `app_user_profile`;
/*!40101 SET @saved_cs_client     = @@character_set_client */;
/*!50503 SET character_set_client = utf8mb4 */;
CREATE TABLE `app_user_profile` (
  `user_id` varchar(20) COLLATE utf8mb4_unicode_ci NOT NULL COMMENT '用户ID',
  `base_info` json NOT NULL COMMENT '基础信息（同步自前台）: {name, gender, birthday, height, weight, education, marriage, ethnicity, avatar_url, ...}',
  `ext_info` json DEFAULT NULL COMMENT '扩展信息（红娘填写）: {income, house, car, appearance_score, family_bg, bra_cup, ...}',
  `mv_score` decimal(5,2) DEFAULT NULL COMMENT '当前计算出的MV总分',
  `mv_detail` json DEFAULT NULL COMMENT 'MV各维度得分详情',
  `service_matchmaker_id` varchar(20) COLLATE utf8mb4_unicode_ci DEFAULT NULL COMMENT '服务红娘ID',
  `created_at` datetime NOT NULL DEFAULT CURRENT_TIMESTAMP COMMENT '创建时间',
  `updated_at` datetime NOT NULL DEFAULT CURRENT_TIMESTAMP ON UPDATE CURRENT_TIMESTAMP COMMENT '更新时间',
  PRIMARY KEY (`user_id`),
  KEY `idx_matchmaker` (`service_matchmaker_id`),
  CONSTRAINT `fk_profile_user` FOREIGN KEY (`user_id`) REFERENCES `app_user` (`id`) ON DELETE CASCADE
) ENGINE=InnoDB DEFAULT CHARSET=utf8mb4 COLLATE=utf8mb4_unicode_ci COMMENT='用户档案表';
/*!40101 SET character_set_client = @saved_cs_client */;

--
-- Dumping data for table `app_user_profile`
--

LOCK TABLES `app_user_profile` WRITE;
/*!40000 ALTER TABLE `app_user_profile` DISABLE KEYS */;
INSERT INTO `app_user_profile` VALUES ('XFL00100001','{\"name\": \"张三\", \"gender\": \"男\", \"height\": 175, \"weight\": 70, \"birthday\": \"1994-03-15\", \"marriage\": \"未婚\", \"education\": \"二本\", \"ethnicity\": \"汉族\"}','{\"intro\": \"\", \"major\": \"\", \"hasCar\": \"有\", \"skills\": \"\", \"company\": \"\", \"eqScore\": [\"自我认知\", \"情绪管理\", \"认知他人情绪\"], \"hobbies\": \"\", \"remarks\": \"\", \"hometown\": \"\", \"jobTitle\": \"\", \"appearance\": \"帅气\", \"serviceFee\": null, \"annualIncome\": \"20w-50w\", \"housingDetail\": \"\", \"housingStatus\": \"有\", \"residenceCity\": \"\", \"serviceEndDate\": \"2026-02-05\", \"graduatedSchool\": \"\", \"healthCondition\": \"\", \"parentsEducation\": \"\", \"serviceStartDate\": \"2026-01-22\", \"thalassemiaDetail\": \"\", \"matchmakerComments\": \"\", \"partnerRequirements\": \"\", \"serviceStatusRemark\": \"\", \"parentsMaritalStatus\": \"父母健康（家庭和睦）\"}',80.00,'{\"eq\": {\"label\": \"3项优\", \"score\": 8.5, \"value\": 3}, \"age\": {\"label\": \"25-35岁\", \"score\": 12.5, \"value\": 30}, \"height\": {\"label\": \"170-179cm\", \"score\": 10.5, \"value\": 175}, \"wealth\": {\"label\": \"20-50W\", \"score\": 10.5, \"value\": 35}, \"appearance\": {\"label\": \"帅/网红\", \"score\": 12.5, \"value\": \"帅气\"}, \"commitment\": {\"label\": \"80分以上\", \"score\": 11.5, \"value\": 85}, \"intelligence\": {\"label\": \"二本\", \"score\": 9.5, \"value\": \"二本\"}, \"sexual_ability\": {\"label\": \"30-35岁\", \"score\": 11.5, \"value\": 30}}','XFL001G84035','2026-01-20 11:09:40','2026-01-23 13:47:32'),('XFL00100002','{\"name\": \"李四\", \"gender\": \"男\", \"height\": 178, \"weight\": 75, \"birthday\": \"1999-08-20\", \"marriage\": \"未婚\", \"education\": \"985或更高\", \"ethnicity\": \"汉族\"}','{\"hasCar\": \"有\", \"eqScore\": [\"自我认知\", \"情绪管理\", \"自我激励\", \"认知他人情绪\", \"处理人际关系\"], \"appearance\": \"阳光帅气\", \"annualIncome\": \"50w-100w\", \"housingStatus\": \"有\", \"parentsMaritalStatus\": \"父母健康（家庭和睦）\"}',92.00,'{\"eq\": {\"label\": \"5项优\", \"score\": 12.5, \"value\": 5}, \"age\": {\"label\": \"25-35岁\", \"score\": 12.5, \"value\": 25}, \"height\": {\"label\": \"170-179cm\", \"score\": 10.5, \"value\": 178}, \"wealth\": {\"label\": \"50-100W\", \"score\": 12.5, \"value\": 75}, \"appearance\": {\"label\": \"帅/网红\", \"score\": 12.5, \"value\": \"阳光帅气\"}, \"commitment\": {\"label\": \"80分以上\", \"score\": 12.5, \"value\": 90}, \"intelligence\": {\"label\": \"985或更高\", \"score\": 12.5, \"value\": \"985或更高\"}, \"sexual_ability\": {\"label\": \"24-29岁\", \"score\": 12.5, \"value\": 25}}',NULL,'2026-01-20 11:09:40','2026-01-20 11:09:40'),('XFL00100003','{\"name\": \"王芳\", \"gender\": \"女\", \"height\": 165, \"weight\": 52, \"birthday\": \"1996-05-10\", \"marriage\": \"未婚\", \"education\": \"一本\", \"ethnicity\": \"汉族\"}','{\"braCup\": \"C\", \"appearance\": \"清秀\", \"parentsMaritalStatus\": \"父母健康（家庭和睦）\"}',76.00,'{\"age\": {\"label\": \"23-30岁\", \"score\": 12.5, \"value\": 28}, \"bmi\": {\"label\": \"18.5-24正常\", \"score\": 12.5, \"value\": 19.1}, \"family\": {\"label\": \"父母健康家庭和睦\", \"score\": 12.5, \"value\": \"父母健康（家庭和睦）\"}, \"bra_cup\": {\"label\": \"C\", \"score\": 12.5, \"value\": \"C\"}, \"education\": {\"label\": \"一本\", \"score\": 10.5, \"value\": \"一本\"}, \"appearance\": {\"label\": \"清秀/甜美\", \"score\": 10.5, \"value\": \"清秀\"}, \"personality\": {\"label\": \"4个匹配\", \"score\": 10.5, \"value\": 4}}',NULL,'2026-01-20 11:09:40','2026-01-20 11:09:40'),('XFL00100004','{\"name\": \"赵敏\", \"gender\": \"女\", \"height\": 160, \"weight\": 58, \"birthday\": \"1989-11-25\", \"marriage\": \"离异\", \"education\": \"大专\", \"ethnicity\": \"汉族\"}','{\"braCup\": \"B\", \"appearance\": \"一般\", \"parentsMaritalStatus\": \"父母离异（家庭健康）\"}',58.00,'{\"age\": {\"label\": \"31-40岁\", \"score\": 10.5, \"value\": 35}, \"bmi\": {\"label\": \"18.5-24正常\", \"score\": 12.5, \"value\": 22.7}, \"family\": {\"label\": \"父母离异家庭健康\", \"score\": 10, \"value\": \"父母离异（家庭健康）\"}, \"bra_cup\": {\"label\": \"B\", \"score\": 10.5, \"value\": \"B\"}, \"education\": {\"label\": \"大专\", \"score\": 6.5, \"value\": \"大专\"}, \"appearance\": {\"label\": \"一般\", \"score\": 8.5, \"value\": \"一般\"}, \"personality\": {\"label\": \"无\", \"score\": 2.5, \"value\": 0}}',NULL,'2026-01-20 11:09:40','2026-01-20 11:09:40'),('XFL00100005','{\"name\": \"林心如\", \"gender\": \"女\", \"height\": 168, \"weight\": 50, \"birthday\": \"1998-07-08\", \"marriage\": \"未婚\", \"education\": \"985或更高\", \"ethnicity\": \"汉族\"}','{\"braCup\": \"D\", \"appearance\": \"漂亮/网红\", \"parentsMaritalStatus\": \"父母健康（家庭和睦）\"}',90.00,'{\"age\": {\"label\": \"23-30岁\", \"score\": 12.5, \"value\": 26}, \"bmi\": {\"label\": \"17-18.5微瘦\", \"score\": 10.5, \"value\": 17.7}, \"family\": {\"label\": \"父母健康家庭和睦\", \"score\": 12.5, \"value\": \"父母健康（家庭和睦）\"}, \"bra_cup\": {\"label\": \"D及以上\", \"score\": 12.5, \"value\": \"D\"}, \"education\": {\"label\": \"985或更高\", \"score\": 12.5, \"value\": \"985或更高\"}, \"appearance\": {\"label\": \"漂亮/网红\", \"score\": 12.5, \"value\": \"漂亮/网红\"}, \"personality\": {\"label\": \"5个及以上匹配\", \"score\": 12.5, \"value\": 5}}',NULL,'2026-01-20 11:09:40','2026-01-20 11:09:40'),('XFL00100006','{\"name\": \"刘德华\", \"gender\": \"男\", \"height\": 180, \"weight\": 75, \"birthday\": \"1992-02-14\", \"marriage\": \"未婚\", \"education\": \"二本\", \"ethnicity\": \"汉族\"}','{\"intro\": \"\", \"major\": \"\", \"hasCar\": \"有\", \"skills\": \"\", \"company\": \"\", \"eqScore\": [\"自我认知\", \"情绪管理\", \"认知他人情绪\", \"处理人际关系\"], \"hobbies\": \"\", \"remarks\": \"\", \"hometown\": \"\", \"jobTitle\": \"\", \"appearance\": \"帅气\", \"serviceFee\": null, \"annualIncome\": \"20w-50w\", \"housingDetail\": \"\", \"housingStatus\": \"有\", \"residenceCity\": \"\", \"serviceEndDate\": \"2026-02-27\", \"graduatedSchool\": \"\", \"healthCondition\": \"\", \"parentsEducation\": \"\", \"serviceStartDate\": \"2026-01-23\", \"thalassemiaDetail\": \"\", \"matchmakerComments\": \"\", \"partnerRequirements\": \"\", \"serviceStatusRemark\": \"\", \"parentsMaritalStatus\": \"父母健康（家庭和睦）\"}',82.00,'{\"eq\": {\"label\": \"4项优\", \"score\": 10.5, \"value\": 4}, \"age\": {\"label\": \"25-35岁\", \"score\": 12.5, \"value\": 32}, \"height\": {\"label\": \"180cm以上\", \"score\": 10.5, \"value\": 180}, \"wealth\": {\"label\": \"20-50W\", \"score\": 10.5, \"value\": 35}, \"appearance\": {\"label\": \"帅/网红\", \"score\": 12.5, \"value\": \"帅气\"}, \"commitment\": {\"label\": \"80分以上\", \"score\": 11.5, \"value\": 85}, \"intelligence\": {\"label\": \"二本\", \"score\": 9.5, \"value\": \"二本\"}, \"sexual_ability\": {\"label\": \"30-35岁\", \"score\": 11.5, \"value\": 32}}','XFL001G84035','2026-01-20 11:09:40','2026-01-23 13:46:52'),('XFL00100007','{\"name\": \"周慧敏\", \"gender\": \"女\", \"height\": 163, \"weight\": 50, \"birthday\": \"1995-09-18\", \"marriage\": \"未婚\", \"education\": \"一本\", \"ethnicity\": \"汉族\"}','{\"braCup\": \"B\", \"appearance\": \"清秀\", \"parentsMaritalStatus\": \"父母健康（家庭和睦）\"}',72.00,'{\"age\": {\"label\": \"23-30岁\", \"score\": 12.5, \"value\": 29}, \"bmi\": {\"label\": \"18.5-24正常\", \"score\": 12.5, \"value\": 18.8}, \"family\": {\"label\": \"父母健康家庭和睦\", \"score\": 12.5, \"value\": \"父母健康（家庭和睦）\"}, \"bra_cup\": {\"label\": \"B\", \"score\": 10.5, \"value\": \"B\"}, \"education\": {\"label\": \"一本\", \"score\": 10.5, \"value\": \"一本\"}, \"appearance\": {\"label\": \"清秀/甜美\", \"score\": 10.5, \"value\": \"清秀\"}, \"personality\": {\"label\": \"3个匹配\", \"score\": 8.5, \"value\": 3}}',NULL,'2026-01-20 11:09:40','2026-01-20 11:09:40'),('XFL00100008','{\"name\": \"孙丽\", \"gender\": \"女\", \"height\": 165, \"weight\": 48, \"birthday\": \"2002-06-15\", \"marriage\": \"未婚\", \"education\": \"二本\", \"ethnicity\": \"汉族\"}','{\"braCup\": \"C\", \"appearance\": \"清秀\", \"parentsMaritalStatus\": \"父母健康（家庭和睦）\"}',68.00,'{\"age\": {\"label\": \"18-22岁\", \"score\": 10.5, \"value\": 22}, \"bmi\": {\"label\": \"17-18.5微瘦\", \"score\": 10.5, \"value\": 17.6}, \"family\": {\"label\": \"父母健康家庭和睦\", \"score\": 12.5, \"value\": \"父母健康（家庭和睦）\"}, \"bra_cup\": {\"label\": \"C\", \"score\": 12.5, \"value\": \"C\"}, \"education\": {\"label\": \"二本\", \"score\": 8.5, \"value\": \"二本\"}, \"appearance\": {\"label\": \"清秀/甜美\", \"score\": 10.5, \"value\": \"清秀\"}, \"personality\": {\"label\": \"2个匹配\", \"score\": 6.5, \"value\": 2}}',NULL,'2026-01-20 11:09:41','2026-01-20 11:09:41'),('XFL00100009','{\"name\": \"陈小雨\", \"gender\": \"女\", \"height\": 155, \"weight\": 45, \"birthday\": \"1996-12-20\", \"marriage\": \"未婚\", \"education\": \"一本\", \"ethnicity\": \"汉族\"}','{\"braCup\": \"B\", \"appearance\": \"可爱\", \"parentsMaritalStatus\": \"父母健康（家庭和睦）\"}',70.00,'{\"age\": {\"label\": \"23-30岁\", \"score\": 12.5, \"value\": 28}, \"bmi\": {\"label\": \"18.5-24正常\", \"score\": 12.5, \"value\": 18.7}, \"family\": {\"label\": \"父母健康家庭和睦\", \"score\": 12.5, \"value\": \"父母健康（家庭和睦）\"}, \"bra_cup\": {\"label\": \"B\", \"score\": 10.5, \"value\": \"B\"}, \"education\": {\"label\": \"一本\", \"score\": 10.5, \"value\": \"一本\"}, \"appearance\": {\"label\": \"清秀/甜美\", \"score\": 10.5, \"value\": \"可爱\"}, \"personality\": {\"label\": \"3个匹配\", \"score\": 8.5, \"value\": 3}}',NULL,'2026-01-20 11:09:41','2026-01-20 11:09:41'),('XFL00100843','{\"name\": \"家家\", \"gender\": \"女\", \"height\": 162, \"weight\": 62, \"birthday\": \"1988-02-05\", \"marriage\": \"未婚\", \"education\": \"大专\", \"ethnicity\": \"汉族\"}',NULL,NULL,NULL,NULL,'2026-01-21 10:16:04','2026-01-21 10:16:04'),('XFL00116807','{\"name\": \"cs1111\", \"gender\": \"男\", \"height\": 180, \"weight\": 160, \"birthday\": \"1994-01-01\", \"marriage\": \"未婚\", \"education\": \"博士\", \"ethnicity\": \"汉族\"}','{\"intro\": \"\", \"major\": \"\", \"skills\": \"\", \"company\": \"\", \"eqScore\": [], \"hobbies\": \"\", \"remarks\": \"\", \"hometown\": \"\", \"jobTitle\": \"\", \"serviceFee\": null, \"housingDetail\": \"\", \"residenceCity\": \"\", \"serviceEndDate\": \"2026-02-13\", \"graduatedSchool\": \"\", \"healthCondition\": \"\", \"parentsEducation\": \"\", \"serviceStartDate\": \"2026-01-01\", \"thalassemiaDetail\": \"\", \"matchmakerComments\": \"\", \"partnerRequirements\": \"\", \"serviceStatusRemark\": \"\"}',NULL,NULL,'XFL001G84035','2026-01-20 12:16:15','2026-01-23 14:04:46'),('XFL00117650','{\"name\": \"袁桂红\", \"gender\": \"女\", \"height\": 163, \"weight\": 75, \"birthday\": \"1978-08-03\", \"marriage\": \"未婚\", \"education\": \"本科\", \"ethnicity\": \"汉族\"}','{\"intro\": \"\", \"major\": \"\", \"skills\": \"\", \"company\": \"\", \"eqScore\": [], \"hobbies\": \"\", \"remarks\": \"\", \"hometown\": \"\", \"jobTitle\": \"\", \"serviceFee\": null, \"housingDetail\": \"\", \"residenceCity\": \"\", \"serviceEndDate\": null, \"graduatedSchool\": \"\", \"healthCondition\": \"\", \"parentsEducation\": \"\", \"serviceStartDate\": null, \"thalassemiaDetail\": \"\", \"matchmakerComments\": \"\", \"partnerRequirements\": \"\", \"serviceStatusRemark\": \"\"}',NULL,NULL,NULL,'2026-01-21 22:18:59','2026-01-22 23:27:22'),('XFL00133614','{\"name\": \"关小姐\", \"gender\": \"女\", \"height\": 150, \"weight\": 50, \"birthday\": \"1983-05-04\", \"marriage\": \"离异\", \"education\": \"本科\", \"ethnicity\": \"汉族\"}','{\"intro\": \"\", \"major\": \"\", \"braCup\": \"B\", \"skills\": \"\", \"company\": \"\", \"eqScore\": [\"自我认知\", \"自我激励\", \"认知他人情绪\", \"处理人际关系\"], \"hobbies\": \"\", \"remarks\": \"\", \"hometown\": \"\", \"jobTitle\": \"\", \"appearance\": \"一般\", \"memberType\": \"标准会员\", \"serviceFee\": null, \"housingDetail\": \"\", \"residenceCity\": \"\", \"serviceStatus\": \"正常服务\", \"serviceEndDate\": \"2026-02-01\", \"commitmentScore\": 12.5, \"graduatedSchool\": \"\", \"healthCondition\": \"\", \"parentsEducation\": \"\", \"serviceStartDate\": \"2026-01-20\", \"thalassemiaDetail\": \"\", \"matchmakerComments\": \"\", \"partnerRequirements\": \"\", \"serviceStatusRemark\": \"\", \"parentsMaritalStatus\": \"父母恩爱，互相尊重家庭有爱\"}',63.00,'{\"age\": {\"label\": \"41-50岁\", \"score\": 4.5, \"value\": 42}, \"bmi\": {\"label\": \"18.5-23.9正常\", \"score\": 12.5, \"value\": 22.22222222222222}, \"family\": {\"label\": \"父母恩爱\", \"score\": 12.5, \"value\": \"父母恩爱，互相尊重家庭有爱\"}, \"bra_cup\": {\"label\": \"B\", \"score\": 12.5, \"value\": \"B\"}, \"education\": {\"label\": \"无匹配规则\", \"score\": 0, \"value\": \"本科\"}, \"appearance\": {\"label\": \"一般\", \"score\": 8.5, \"value\": \"一般\"}, \"personality\": {\"label\": \"匹配到5+\", \"score\": 12.5, \"value\": 7}}','XFL001G84035','2026-01-20 15:30:40','2026-01-23 14:02:40'),('XFL00134457','{\"name\": \"矯馥羽\", \"gender\": \"女\", \"height\": 165, \"weight\": 52, \"birthday\": \"1991-07-16\", \"marriage\": \"未婚\", \"education\": \"本科\", \"ethnicity\": \"满族\"}',NULL,NULL,NULL,NULL,'2026-01-21 22:19:04','2026-01-21 22:19:04'),('XFL00150421','{\"name\": \"宁静\", \"gender\": \"女\", \"height\": 160, \"weight\": 100, \"birthday\": \"1992-02-08\", \"marriage\": \"未婚\", \"education\": \"本科\", \"ethnicity\": \"汉族\"}','{\"intro\": \"\", \"major\": \"\", \"braCup\": \"B\", \"skills\": \"\", \"zodiac\": \"水瓶座 (1.20-2.18)\", \"company\": \"\", \"eqScore\": [\"处理人际关系\", \"自我激励\", \"自我认知\"], \"hobbies\": \"\", \"remarks\": \"\", \"hometown\": \"\", \"jobTitle\": \"\", \"appearance\": \"一般\", \"memberType\": \"标准会员\", \"serviceFee\": 3588, \"chineseZodiac\": \"猴\", \"housingDetail\": \"\", \"residenceCity\": \"\", \"serviceStatus\": \"暂停服务\", \"hasThalassemia\": \"无\", \"serviceEndDate\": \"2026-11-30\", \"commitmentScore\": 12.5, \"graduatedSchool\": \"\", \"healthCondition\": \"良好\", \"parentsEducation\": \"\", \"serviceStartDate\": \"2026-01-20\", \"thalassemiaDetail\": \"\", \"matchmakerComments\": \"\", \"partnerRequirements\": \"\", \"serviceStatusRemark\": \"\", \"parentsMaritalStatus\": \"父母冲突（家庭缺爱）\"}',56.00,'{\"age\": {\"label\": \"31-35岁\", \"score\": 8.5, \"value\": 33}, \"bmi\": {\"label\": \">32肥胖\", \"score\": 6.5, \"value\": 39.06249999999999}, \"family\": {\"label\": \"父母冲突家庭缺爱\", \"score\": 7.5, \"value\": \"父母冲突（家庭缺爱）\"}, \"bra_cup\": {\"label\": \"B\", \"score\": 12.5, \"value\": \"B\"}, \"education\": {\"label\": \"无匹配规则\", \"score\": 0, \"value\": \"本科\"}, \"appearance\": {\"label\": \"一般\", \"score\": 8.5, \"value\": \"一般\"}, \"personality\": {\"label\": \"匹配到5+\", \"score\": 12.5, \"value\": 8}}','XFL001G84035','2026-01-20 15:33:49','2026-01-22 23:18:58'),('XFL00151264','{\"name\": \"鲍秀亭\", \"gender\": \"女\", \"height\": 160, \"weight\": 60, \"birthday\": \"1990-06-02\", \"marriage\": \"未婚\", \"education\": \"大专\", \"ethnicity\": \"汉族\"}',NULL,NULL,NULL,NULL,'2026-01-21 22:19:18','2026-01-21 22:19:18'),('XFL00167228','{\"name\": \"小美好\", \"gender\": \"女\", \"height\": 155, \"weight\": 48, \"birthday\": \"1992-01-01\", \"marriage\": \"离异未育\", \"education\": \"高中及以下\", \"ethnicity\": \"汉族\"}','{\"intro\": \"\", \"major\": \"\", \"skills\": \"\", \"company\": \"\", \"eqScore\": [], \"hobbies\": \"\", \"remarks\": \"\", \"hometown\": \"\", \"jobTitle\": \"\", \"memberType\": \"标准会员\", \"serviceFee\": null, \"housingDetail\": \"\", \"residenceCity\": \"\", \"serviceStatus\": \"正常服务\", \"serviceEndDate\": \"2027-03-19\", \"graduatedSchool\": \"\", \"healthCondition\": \"\", \"parentsEducation\": \"\", \"serviceStartDate\": \"2026-01-01\", \"thalassemiaDetail\": \"\", \"matchmakerComments\": \"\", \"partnerRequirements\": \"\", \"serviceStatusRemark\": \"\"}',33.50,'{\"age\": {\"label\": \"31-35岁\", \"score\": 8.5, \"value\": 34}, \"bmi\": {\"label\": \"18.5-23.9正常\", \"score\": 12.5, \"value\": 19.979188345473464}, \"family\": {\"label\": \"数据缺失\", \"score\": 0}, \"bra_cup\": {\"label\": \"数据缺失\", \"score\": 0}, \"education\": {\"label\": \"无匹配规则\", \"score\": 0, \"value\": \"高中及以下\"}, \"appearance\": {\"label\": \"数据缺失\", \"score\": 0}, \"personality\": {\"label\": \"匹配到5+\", \"score\": 12.5, \"value\": 7}}','XFL001G33614','2026-01-20 15:39:38','2026-01-23 10:39:55'),('XFL00168071','{\"name\": \"毛墨墨\", \"gender\": \"女\", \"height\": 160, \"weight\": 60, \"birthday\": \"1975-11-06\", \"marriage\": \"未婚\", \"education\": \"本科\", \"ethnicity\": \"汉族\"}','{\"intro\": \"\", \"major\": \"\", \"skills\": \"\", \"company\": \"\", \"eqScore\": [], \"hobbies\": \"\", \"remarks\": \"\", \"hometown\": \"\", \"jobTitle\": \"\", \"serviceFee\": null, \"housingDetail\": \"\", \"residenceCity\": \"\", \"serviceEndDate\": null, \"graduatedSchool\": \"\", \"healthCondition\": \"\", \"parentsEducation\": \"\", \"serviceStartDate\": null, \"thalassemiaDetail\": \"\", \"matchmakerComments\": \"\", \"partnerRequirements\": \"\", \"serviceStatusRemark\": \"\"}',NULL,NULL,'XFL001G84035','2026-01-21 22:20:51','2026-01-23 11:59:42'),('XFL00184035','{\"name\": \"刘宝莹\", \"gender\": \"女\", \"height\": 163, \"weight\": 51, \"birthday\": \"1985-11-11\", \"marriage\": \"离异带孩\", \"education\": \"本科\", \"ethnicity\": \"汉族\"}','{\"intro\": \"\", \"major\": \"\", \"braCup\": \"B\", \"skills\": \"\", \"zodiac\": \"水瓶座 (1.20-2.18)\", \"company\": \"\", \"eqScore\": [\"自我认知\", \"自我激励\"], \"hobbies\": \"\", \"remarks\": \"\", \"hometown\": \"\", \"jobTitle\": \"\", \"bloodType\": \"B型\", \"appearance\": \"帅/网红\", \"memberType\": \"高级会员\", \"serviceFee\": 5900, \"chineseZodiac\": \"兔\", \"housingDetail\": \"\", \"residenceCity\": \"\", \"serviceStatus\": \"暂停服务\", \"serviceEndDate\": \"2029-01-31\", \"commitmentScore\": 12.5, \"graduatedSchool\": \"\", \"healthCondition\": \"\", \"parentsEducation\": \"见覅噢我今日分配金佛PDF破格ID破付款了；的见GV般配的价格婆婆搞i饿哦个靠谱都出局波普风客观地发扑克高朋网日kpogpodfkgpodfkg-dfig【讹误购票被快递费可个排款gopdkbopdfig-e彭【刚的看法【\", \"serviceStartDate\": \"2026-01-08\", \"thalassemiaDetail\": \"\", \"matchmakerComments\": \"\", \"partnerRequirements\": \"\", \"serviceStatusRemark\": \"\", \"parentsMaritalStatus\": \"父母恩爱，互相尊重家庭有爱\"}',59.00,'{\"age\": {\"label\": \"36-40岁\", \"score\": 6.5, \"value\": 40}, \"bmi\": {\"label\": \"18.5-23.9正常\", \"score\": 12.5, \"value\": 19.19530279649215}, \"family\": {\"label\": \"父母恩爱\", \"score\": 12.5, \"value\": \"父母恩爱，互相尊重家庭有爱\"}, \"bra_cup\": {\"label\": \"B\", \"score\": 12.5, \"value\": \"B\"}, \"education\": {\"label\": \"无匹配规则\", \"score\": 0, \"value\": \"本科\"}, \"appearance\": {\"label\": \"漂亮/网红\", \"score\": 12.5, \"value\": \"帅/网红\"}, \"personality\": {\"label\": \"无\", \"score\": 2.5, \"value\": 0}}','XFL001G50421','2026-01-20 16:08:50','2026-01-20 18:34:10');
/*!40000 ALTER TABLE `app_user_profile` ENABLE KEYS */;
UNLOCK TABLES;

--
-- Table structure for table `assessment_question`
--

DROP TABLE IF EXISTS `assessment_question`;
/*!40101 SET @saved_cs_client     = @@character_set_client */;
/*!50503 SET character_set_client = utf8mb4 */;
CREATE TABLE `assessment_question` (
  `id` int NOT NULL AUTO_INCREMENT COMMENT '题目ID',
  `type` tinyint NOT NULL COMMENT '测评类型: 1-九型人格, 2-依恋关系, 3-婚恋幸福力',
  `question_no` int NOT NULL COMMENT '题号（同类型内）',
  `content` text COLLATE utf8mb4_unicode_ci NOT NULL COMMENT '题目内容',
  `sub_type` varchar(20) COLLATE utf8mb4_unicode_ci DEFAULT NULL COMMENT '子类型（依恋测试用: anxiety/avoidance/security）',
  `dimension_id` tinyint DEFAULT NULL COMMENT '所属维度ID（幸福力测评用，1-20）',
  `options` json NOT NULL COMMENT '选项数组: [{text: "选项A", score: {...}}]',
  `sort_order` int DEFAULT '0' COMMENT '排序',
  `status` tinyint DEFAULT '1' COMMENT '状态: 1-启用, 0-禁用',
  `created_at` datetime DEFAULT CURRENT_TIMESTAMP,
  `updated_at` datetime DEFAULT CURRENT_TIMESTAMP ON UPDATE CURRENT_TIMESTAMP,
  PRIMARY KEY (`id`),
  KEY `idx_type` (`type`,`status`),
  KEY `idx_sort` (`type`,`sort_order`)
) ENGINE=InnoDB DEFAULT CHARSET=utf8mb4 COLLATE=utf8mb4_unicode_ci COMMENT='测评题库表';
/*!40101 SET character_set_client = @saved_cs_client */;

--
-- Dumping data for table `assessment_question`
--

LOCK TABLES `assessment_question` WRITE;
/*!40000 ALTER TABLE `assessment_question` DISABLE KEYS */;
/*!40000 ALTER TABLE `assessment_question` ENABLE KEYS */;
UNLOCK TABLES;

--
-- Table structure for table `assessment_record`
--

DROP TABLE IF EXISTS `assessment_record`;
/*!40101 SET @saved_cs_client     = @@character_set_client */;
/*!50503 SET character_set_client = utf8mb4 */;
CREATE TABLE `assessment_record` (
  `id` bigint NOT NULL AUTO_INCREMENT,
  `user_id` varchar(20) COLLATE utf8mb4_unicode_ci NOT NULL COMMENT '用户ID',
  `type` tinyint NOT NULL COMMENT '测评类型: 1-九型, 2-依恋, 3-幸福力',
  `answers` json NOT NULL COMMENT '原始答卷: [{question_id: 1, option_index: 0}, ...]',
  `result_data` json NOT NULL COMMENT '计算结果 (结构化JSON)',
  `raw_scores` json DEFAULT NULL COMMENT '原始分数明细（调试用）',
  `is_latest` tinyint DEFAULT '1' COMMENT '是否最新记录: 1-是, 0-否（支持重测）',
  `created_at` datetime DEFAULT CURRENT_TIMESTAMP,
  `updated_at` datetime DEFAULT CURRENT_TIMESTAMP ON UPDATE CURRENT_TIMESTAMP,
  PRIMARY KEY (`id`),
  KEY `idx_user` (`user_id`,`type`),
  KEY `idx_latest` (`user_id`,`type`,`is_latest`),
  CONSTRAINT `fk_assessment_user` FOREIGN KEY (`user_id`) REFERENCES `app_user` (`id`) ON DELETE CASCADE
) ENGINE=InnoDB AUTO_INCREMENT=26 DEFAULT CHARSET=utf8mb4 COLLATE=utf8mb4_unicode_ci COMMENT='测评记录表';
/*!40101 SET character_set_client = @saved_cs_client */;

--
-- Dumping data for table `assessment_record`
--

LOCK TABLES `assessment_record` WRITE;
/*!40000 ALTER TABLE `assessment_record` DISABLE KEYS */;
INSERT INTO `assessment_record` VALUES (2,'XFL00100001',1,'{}','{\"top3\": [2, 7, 9], \"validTypes\": [2, 7, 9], \"percentages\": {\"1\": 0.45, \"2\": 0.85, \"3\": 0.52, \"4\": 0.38, \"5\": 0.42, \"6\": 0.55, \"7\": 0.78, \"8\": 0.48, \"9\": 0.72}, \"matchableOppositeCount\": 4, \"matchableOppositeTypes\": [1, 4, 5, 7]}','{\"1\": 18, \"2\": 34, \"3\": 21, \"4\": 15, \"5\": 17, \"6\": 22, \"7\": 31, \"8\": 19, \"9\": 29}',1,'2026-01-20 11:09:40','2026-01-20 11:09:40'),(3,'XFL00100002',1,'{}','{\"top3\": [3, 1, 8], \"validTypes\": [3, 1, 8], \"percentages\": {\"1\": 0.72, \"2\": 0.48, \"3\": 0.88, \"4\": 0.45, \"5\": 0.52, \"6\": 0.55, \"7\": 0.65, \"8\": 0.70, \"9\": 0.58}, \"matchableOppositeCount\": 5, \"matchableOppositeTypes\": [2, 4, 6, 7, 9]}','{\"1\": 29, \"2\": 19, \"3\": 35, \"4\": 18, \"5\": 21, \"6\": 22, \"7\": 26, \"8\": 28, \"9\": 23}',1,'2026-01-20 11:09:40','2026-01-20 11:09:40'),(4,'XFL00100003',1,'{}','{\"top3\": [4, 9, 2], \"validTypes\": [4, 9, 2], \"percentages\": {\"1\": 0.52, \"2\": 0.68, \"3\": 0.45, \"4\": 0.82, \"5\": 0.48, \"6\": 0.55, \"7\": 0.60, \"8\": 0.42, \"9\": 0.75}, \"matchableOppositeCount\": 4, \"matchableOppositeTypes\": [2, 5, 7, 9]}','{\"1\": 21, \"2\": 27, \"3\": 18, \"4\": 33, \"5\": 19, \"6\": 22, \"7\": 24, \"8\": 17, \"9\": 30}',1,'2026-01-20 11:09:40','2026-01-20 11:09:40'),(5,'XFL00100005',1,'{}','{\"top3\": [7, 2, 9], \"validTypes\": [7, 2, 9], \"percentages\": {\"1\": 0.55, \"2\": 0.75, \"3\": 0.62, \"4\": 0.48, \"5\": 0.52, \"6\": 0.58, \"7\": 0.90, \"8\": 0.45, \"9\": 0.70}, \"matchableOppositeCount\": 6, \"matchableOppositeTypes\": [1, 3, 5, 6, 7, 9]}','{\"1\": 22, \"2\": 30, \"3\": 25, \"4\": 19, \"5\": 21, \"6\": 23, \"7\": 36, \"8\": 18, \"9\": 28}',1,'2026-01-20 11:09:40','2026-01-20 11:09:40'),(6,'XFL00100006',1,'{}','{\"top3\": [9, 6, 2], \"validTypes\": [9, 6, 2], \"percentages\": {\"1\": 0.48, \"2\": 0.68, \"3\": 0.52, \"4\": 0.45, \"5\": 0.50, \"6\": 0.72, \"7\": 0.58, \"8\": 0.42, \"9\": 0.85}, \"matchableOppositeCount\": 5, \"matchableOppositeTypes\": [2, 3, 4, 7, 9]}','{\"1\": 19, \"2\": 27, \"3\": 21, \"4\": 18, \"5\": 20, \"6\": 29, \"7\": 23, \"8\": 17, \"9\": 34}',1,'2026-01-20 11:09:40','2026-01-20 11:09:40'),(7,'XFL00100007',1,'{}','{\"top3\": [2, 6, 9], \"validTypes\": [2, 6, 9], \"percentages\": {\"1\": 0.52, \"2\": 0.82, \"3\": 0.48, \"4\": 0.45, \"5\": 0.50, \"6\": 0.70, \"7\": 0.58, \"8\": 0.42, \"9\": 0.68}, \"matchableOppositeCount\": 3, \"matchableOppositeTypes\": [5, 8, 9]}','{\"1\": 21, \"2\": 33, \"3\": 19, \"4\": 18, \"5\": 20, \"6\": 28, \"7\": 23, \"8\": 17, \"9\": 27}',1,'2026-01-20 11:09:40','2026-01-20 11:09:40'),(8,'XFL00100001',3,'{}','{\"积极习惯\": 9, \"积极体验\": 8, \"积极信念\": 9, \"积极关系\": 8, \"积极力量\": 6, \"积极品质\": 7, \"积极天赋\": 8, \"积极心态\": 9, \"积极性格\": 8, \"积极情绪\": 7, \"积极意义\": 7, \"积极投入\": 8, \"积极改变\": 6, \"积极教养\": 6, \"积极教育\": 5, \"积极沟通\": 7, \"积极目标\": 9, \"积极自尊\": 7, \"积极自我\": 6, \"积极语言\": 8}','{}',1,'2026-01-20 11:09:41','2026-01-20 11:09:41'),(9,'XFL00100002',3,'{}','{\"积极习惯\": 6, \"积极体验\": 8, \"积极信念\": 7, \"积极关系\": 6, \"积极力量\": 8, \"积极品质\": 6, \"积极天赋\": 7, \"积极心态\": 7, \"积极性格\": 6, \"积极情绪\": 8, \"积极意义\": 8, \"积极投入\": 7, \"积极改变\": 8, \"积极教养\": 8, \"积极教育\": 7, \"积极沟通\": 8, \"积极目标\": 6, \"积极自尊\": 8, \"积极自我\": 8, \"积极语言\": 6}','{}',1,'2026-01-20 11:09:41','2026-01-20 11:09:41'),(10,'XFL00100003',3,'{}','{\"积极习惯\": 8, \"积极体验\": 8, \"积极信念\": 9, \"积极关系\": 9, \"积极力量\": 9, \"积极品质\": 9, \"积极天赋\": 9, \"积极心态\": 8, \"积极性格\": 9, \"积极情绪\": 9, \"积极意义\": 9, \"积极投入\": 8, \"积极改变\": 8, \"积极教养\": 9, \"积极教育\": 8, \"积极沟通\": 9, \"积极目标\": 8, \"积极自尊\": 8, \"积极自我\": 9, \"积极语言\": 8}','{}',1,'2026-01-20 11:09:41','2026-01-20 11:09:41'),(11,'XFL00100005',3,'{}','{\"积极习惯\": 7, \"积极体验\": 7, \"积极信念\": 6, \"积极关系\": 6, \"积极力量\": 6, \"积极品质\": 6, \"积极天赋\": 6, \"积极心态\": 7, \"积极性格\": 7, \"积极情绪\": 6, \"积极意义\": 6, \"积极投入\": 7, \"积极改变\": 7, \"积极教养\": 6, \"积极教育\": 7, \"积极沟通\": 6, \"积极目标\": 7, \"积极自尊\": 7, \"积极自我\": 6, \"积极语言\": 7}','{}',1,'2026-01-20 11:09:41','2026-01-20 11:09:41'),(12,'XFL00100007',3,'{}','{\"积极习惯\": 5, \"积极体验\": 5, \"积极信念\": 4, \"积极关系\": 4, \"积极力量\": 4, \"积极品质\": 4, \"积极天赋\": 4, \"积极心态\": 5, \"积极性格\": 5, \"积极情绪\": 4, \"积极意义\": 4, \"积极投入\": 5, \"积极改变\": 5, \"积极教养\": 4, \"积极教育\": 5, \"积极沟通\": 4, \"积极目标\": 5, \"积极自尊\": 5, \"积极自我\": 4, \"积极语言\": 5}','{}',1,'2026-01-20 11:09:41','2026-01-20 11:09:41'),(13,'XFL00133614',1,'\"[{\\\"questionId\\\":1,\\\"selectedType\\\":2},{\\\"questionId\\\":2,\\\"selectedType\\\":1},{\\\"questionId\\\":3,\\\"selectedType\\\":3},{\\\"questionId\\\":4,\\\"selectedType\\\":8},{\\\"questionId\\\":5,\\\"selectedType\\\":6},{\\\"questionId\\\":6,\\\"selectedType\\\":1},{\\\"questionId\\\":7,\\\"selectedType\\\":7},{\\\"questionId\\\":8,\\\"selectedType\\\":5},{\\\"questionId\\\":9,\\\"selectedType\\\":3},{\\\"questionId\\\":10,\\\"selectedType\\\":1},{\\\"questionId\\\":11,\\\"selectedType\\\":8},{\\\"questionId\\\":12,\\\"selectedType\\\":4},{\\\"questionId\\\":13,\\\"selectedType\\\":6},{\\\"questionId\\\":14,\\\"selectedType\\\":9},{\\\"questionId\\\":15,\\\"selectedType\\\":4},{\\\"questionId\\\":16,\\\"selectedType\\\":7},{\\\"questionId\\\":17,\\\"selectedType\\\":6},{\\\"questionId\\\":18,\\\"selectedType\\\":3},{\\\"questionId\\\":19,\\\"selectedType\\\":2},{\\\"questionId\\\":20,\\\"selectedType\\\":6},{\\\"questionId\\\":21,\\\"selectedType\\\":7},{\\\"questionId\\\":22,\\\"selectedType\\\":8},{\\\"questionId\\\":23,\\\"selectedType\\\":2},{\\\"questionId\\\":24,\\\"selectedType\\\":9},{\\\"questionId\\\":25,\\\"selectedType\\\":5},{\\\"questionId\\\":26,\\\"selectedType\\\":9},{\\\"questionId\\\":27,\\\"selectedType\\\":2},{\\\"questionId\\\":28,\\\"selectedType\\\":8},{\\\"questionId\\\":29,\\\"selectedType\\\":6},{\\\"questionId\\\":30,\\\"selectedType\\\":9},{\\\"questionId\\\":31,\\\"selectedType\\\":1},{\\\"questionId\\\":32,\\\"selectedType\\\":8},{\\\"questionId\\\":33,\\\"selectedType\\\":5},{\\\"questionId\\\":34,\\\"selectedType\\\":1},{\\\"questionId\\\":35,\\\"selectedType\\\":7},{\\\"questionId\\\":36,\\\"selectedType\\\":3},{\\\"questionId\\\":37,\\\"selectedType\\\":2},{\\\"questionId\\\":38,\\\"selectedType\\\":1},{\\\"questionId\\\":39,\\\"selectedType\\\":3},{\\\"questionId\\\":40,\\\"selectedType\\\":9},{\\\"questionId\\\":41,\\\"selectedType\\\":6},{\\\"questionId\\\":42,\\\"selectedType\\\":2},{\\\"questionId\\\":43,\\\"selectedType\\\":7},{\\\"questionId\\\":44,\\\"selectedType\\\":6},{\\\"questionId\\\":45,\\\"selectedType\\\":3},{\\\"questionId\\\":46,\\\"selectedType\\\":5},{\\\"questionId\\\":47,\\\"selectedType\\\":9},{\\\"questionId\\\":48,\\\"selectedType\\\":4},{\\\"questionId\\\":49,\\\"selectedType\\\":6},{\\\"questionId\\\":50,\\\"selectedType\\\":9},{\\\"questionId\\\":51,\\\"selectedType\\\":4},{\\\"questionId\\\":52,\\\"selectedType\\\":2},{\\\"questionId\\\":53,\\\"selectedType\\\":1},{\\\"questionId\\\":54,\\\"selectedType\\\":5},{\\\"questionId\\\":55,\\\"selectedType\\\":2},{\\\"questionId\\\":56,\\\"selectedType\\\":6},{\\\"questionId\\\":57,\\\"selectedType\\\":3},{\\\"questionId\\\":58,\\\"selectedType\\\":1},{\\\"questionId\\\":59,\\\"selectedType\\\":2},{\\\"questionId\\\":60,\\\"selectedType\\\":7},{\\\"questionId\\\":61,\\\"selectedType\\\":5},{\\\"questionId\\\":62,\\\"selectedType\\\":1},{\\\"questionId\\\":63,\\\"selectedType\\\":3},{\\\"questionId\\\":64,\\\"selectedType\\\":5},{\\\"questionId\\\":65,\\\"selectedType\\\":7},{\\\"questionId\\\":66,\\\"selectedType\\\":4},{\\\"questionId\\\":67,\\\"selectedType\\\":1},{\\\"questionId\\\":68,\\\"selectedType\\\":7},{\\\"questionId\\\":69,\\\"selectedType\\\":7},{\\\"questionId\\\":70,\\\"selectedType\\\":1},{\\\"questionId\\\":71,\\\"selectedType\\\":6},{\\\"questionId\\\":72,\\\"selectedType\\\":8},{\\\"questionId\\\":73,\\\"selectedType\\\":2},{\\\"questionId\\\":74,\\\"selectedType\\\":1},{\\\"questionId\\\":75,\\\"selectedType\\\":2},{\\\"questionId\\\":76,\\\"selectedType\\\":8},{\\\"questionId\\\":77,\\\"selectedType\\\":6},{\\\"questionId\\\":78,\\\"selectedType\\\":2},{\\\"questionId\\\":79,\\\"selectedType\\\":4},{\\\"questionId\\\":80,\\\"selectedType\\\":8},{\\\"questionId\\\":81,\\\"selectedType\\\":9},{\\\"questionId\\\":82,\\\"selectedType\\\":1},{\\\"questionId\\\":83,\\\"selectedType\\\":7},{\\\"questionId\\\":84,\\\"selectedType\\\":4},{\\\"questionId\\\":85,\\\"selectedType\\\":6},{\\\"questionId\\\":86,\\\"selectedType\\\":9},{\\\"questionId\\\":87,\\\"selectedType\\\":9},{\\\"questionId\\\":88,\\\"selectedType\\\":7},{\\\"questionId\\\":89,\\\"selectedType\\\":1},{\\\"questionId\\\":90,\\\"selectedType\\\":3},{\\\"questionId\\\":91,\\\"selectedType\\\":2},{\\\"questionId\\\":92,\\\"selectedType\\\":4},{\\\"questionId\\\":93,\\\"selectedType\\\":7},{\\\"questionId\\\":94,\\\"selectedType\\\":1},{\\\"questionId\\\":95,\\\"selectedType\\\":5},{\\\"questionId\\\":96,\\\"selectedType\\\":9},{\\\"questionId\\\":97,\\\"selectedType\\\":4},{\\\"questionId\\\":98,\\\"selectedType\\\":1},{\\\"questionId\\\":99,\\\"selectedType\\\":3},{\\\"questionId\\\":100,\\\"selectedType\\\":8},{\\\"questionId\\\":101,\\\"selectedType\\\":6},{\\\"questionId\\\":102,\\\"selectedType\\\":4},{\\\"questionId\\\":103,\\\"selectedType\\\":4},{\\\"questionId\\\":104,\\\"selectedType\\\":2},{\\\"questionId\\\":105,\\\"selectedType\\\":7},{\\\"questionId\\\":106,\\\"selectedType\\\":1},{\\\"questionId\\\":107,\\\"selectedType\\\":6},{\\\"questionId\\\":108,\\\"selectedType\\\":3},{\\\"questionId\\\":109,\\\"selectedType\\\":2},{\\\"questionId\\\":110,\\\"selectedType\\\":1},{\\\"questionId\\\":111,\\\"selectedType\\\":3},{\\\"questionId\\\":112,\\\"selectedType\\\":8},{\\\"questionId\\\":113,\\\"selectedType\\\":6},{\\\"questionId\\\":114,\\\"selectedType\\\":1},{\\\"questionId\\\":115,\\\"selectedType\\\":4},{\\\"questionId\\\":116,\\\"selectedType\\\":6},{\\\"questionId\\\":117,\\\"selectedType\\\":3},{\\\"questionId\\\":118,\\\"selectedType\\\":1},{\\\"questionId\\\":119,\\\"selectedType\\\":7},{\\\"questionId\\\":120,\\\"selectedType\\\":2},{\\\"questionId\\\":121,\\\"selectedType\\\":6},{\\\"questionId\\\":122,\\\"selectedType\\\":9},{\\\"questionId\\\":123,\\\"selectedType\\\":4},{\\\"questionId\\\":124,\\\"selectedType\\\":7},{\\\"questionId\\\":125,\\\"selectedType\\\":6},{\\\"questionId\\\":126,\\\"selectedType\\\":3},{\\\"questionId\\\":127,\\\"selectedType\\\":2},{\\\"questionId\\\":128,\\\"selectedType\\\":6},{\\\"questionId\\\":129,\\\"selectedType\\\":3},{\\\"questionId\\\":130,\\\"selectedType\\\":1},{\\\"questionId\\\":131,\\\"selectedType\\\":6},{\\\"questionId\\\":132,\\\"selectedType\\\":9},{\\\"questionId\\\":133,\\\"selectedType\\\":4},{\\\"questionId\\\":134,\\\"selectedType\\\":9},{\\\"questionId\\\":135,\\\"selectedType\\\":3},{\\\"questionId\\\":136,\\\"selectedType\\\":8},{\\\"questionId\\\":137,\\\"selectedType\\\":6},{\\\"questionId\\\":138,\\\"selectedType\\\":4},{\\\"questionId\\\":139,\\\"selectedType\\\":3},{\\\"questionId\\\":140,\\\"selectedType\\\":2},{\\\"questionId\\\":141,\\\"selectedType\\\":7},{\\\"questionId\\\":142,\\\"selectedType\\\":1},{\\\"questionId\\\":143,\\\"selectedType\\\":9},{\\\"questionId\\\":144,\\\"selectedType\\\":3}]\"','{\"top3\": [1, 6, 3], \"rawScores\": {\"1\": 22, \"2\": 18, \"3\": 18, \"4\": 15, \"5\": 8, \"6\": 21, \"7\": 16, \"8\": 11, \"9\": 15}, \"percentages\": {\"1\": 0.7097, \"2\": 0.5455, \"3\": 0.6, \"4\": 0.4545, \"5\": 0.2286, \"6\": 0.7, \"7\": 0.5, \"8\": 0.3667, \"9\": 0.4412}, \"primaryType\": 1, \"matchableOppositeCount\": 7, \"matchableOppositeTypes\": [9, 8, 1, 2, 4, 5, 6]}','{\"1\": 22, \"2\": 18, \"3\": 18, \"4\": 15, \"5\": 8, \"6\": 21, \"7\": 16, \"8\": 11, \"9\": 15}',1,'2026-01-20 15:43:40','2026-01-20 15:43:40'),(14,'XFL00167228',1,'\"[{\\\"questionId\\\":1,\\\"selectedType\\\":5},{\\\"questionId\\\":2,\\\"selectedType\\\":1},{\\\"questionId\\\":3,\\\"selectedType\\\":5},{\\\"questionId\\\":4,\\\"selectedType\\\":9},{\\\"questionId\\\":5,\\\"selectedType\\\":5},{\\\"questionId\\\":6,\\\"selectedType\\\":1},{\\\"questionId\\\":7,\\\"selectedType\\\":4},{\\\"questionId\\\":8,\\\"selectedType\\\":7},{\\\"questionId\\\":9,\\\"selectedType\\\":3},{\\\"questionId\\\":10,\\\"selectedType\\\":1},{\\\"questionId\\\":11,\\\"selectedType\\\":8},{\\\"questionId\\\":12,\\\"selectedType\\\":2},{\\\"questionId\\\":13,\\\"selectedType\\\":6},{\\\"questionId\\\":14,\\\"selectedType\\\":5},{\\\"questionId\\\":15,\\\"selectedType\\\":8},{\\\"questionId\\\":16,\\\"selectedType\\\":2},{\\\"questionId\\\":17,\\\"selectedType\\\":6},{\\\"questionId\\\":18,\\\"selectedType\\\":5},{\\\"questionId\\\":19,\\\"selectedType\\\":2},{\\\"questionId\\\":20,\\\"selectedType\\\":6},{\\\"questionId\\\":21,\\\"selectedType\\\":7},{\\\"questionId\\\":22,\\\"selectedType\\\":1},{\\\"questionId\\\":23,\\\"selectedType\\\":6},{\\\"questionId\\\":24,\\\"selectedType\\\":9},{\\\"questionId\\\":25,\\\"selectedType\\\":5},{\\\"questionId\\\":26,\\\"selectedType\\\":9},{\\\"questionId\\\":27,\\\"selectedType\\\":2},{\\\"questionId\\\":28,\\\"selectedType\\\":5},{\\\"questionId\\\":29,\\\"selectedType\\\":6},{\\\"questionId\\\":30,\\\"selectedType\\\":9},{\\\"questionId\\\":31,\\\"selectedType\\\":1},{\\\"questionId\\\":32,\\\"selectedType\\\":2},{\\\"questionId\\\":33,\\\"selectedType\\\":5},{\\\"questionId\\\":34,\\\"selectedType\\\":1},{\\\"questionId\\\":35,\\\"selectedType\\\":7},{\\\"questionId\\\":36,\\\"selectedType\\\":3},{\\\"questionId\\\":37,\\\"selectedType\\\":5},{\\\"questionId\\\":38,\\\"selectedType\\\":1},{\\\"questionId\\\":39,\\\"selectedType\\\":3},{\\\"questionId\\\":40,\\\"selectedType\\\":8},{\\\"questionId\\\":41,\\\"selectedType\\\":6},{\\\"questionId\\\":42,\\\"selectedType\\\":2},{\\\"questionId\\\":43,\\\"selectedType\\\":4},{\\\"questionId\\\":44,\\\"selectedType\\\":6},{\\\"questionId\\\":45,\\\"selectedType\\\":9},{\\\"questionId\\\":46,\\\"selectedType\\\":5},{\\\"questionId\\\":47,\\\"selectedType\\\":8},{\\\"questionId\\\":48,\\\"selectedType\\\":2},{\\\"questionId\\\":49,\\\"selectedType\\\":6},{\\\"questionId\\\":50,\\\"selectedType\\\":5},{\\\"questionId\\\":51,\\\"selectedType\\\":4},{\\\"questionId\\\":52,\\\"selectedType\\\":2},{\\\"questionId\\\":53,\\\"selectedType\\\":6},{\\\"questionId\\\":54,\\\"selectedType\\\":5},{\\\"questionId\\\":55,\\\"selectedType\\\":9},{\\\"questionId\\\":56,\\\"selectedType\\\":4},{\\\"questionId\\\":57,\\\"selectedType\\\":7},{\\\"questionId\\\":58,\\\"selectedType\\\":1},{\\\"questionId\\\":59,\\\"selectedType\\\":2},{\\\"questionId\\\":60,\\\"selectedType\\\":7},{\\\"questionId\\\":61,\\\"selectedType\\\":4},{\\\"questionId\\\":62,\\\"selectedType\\\":1},{\\\"questionId\\\":63,\\\"selectedType\\\":3},{\\\"questionId\\\":64,\\\"selectedType\\\":8},{\\\"questionId\\\":65,\\\"selectedType\\\":7},{\\\"questionId\\\":66,\\\"selectedType\\\":9},{\\\"questionId\\\":67,\\\"selectedType\\\":1},{\\\"questionId\\\":68,\\\"selectedType\\\":2},{\\\"questionId\\\":69,\\\"selectedType\\\":5},{\\\"questionId\\\":70,\\\"selectedType\\\":1},{\\\"questionId\\\":71,\\\"selectedType\\\":6},{\\\"questionId\\\":72,\\\"selectedType\\\":3},{\\\"questionId\\\":73,\\\"selectedType\\\":2},{\\\"questionId\\\":74,\\\"selectedType\\\":1},{\\\"questionId\\\":75,\\\"selectedType\\\":4},{\\\"questionId\\\":76,\\\"selectedType\\\":9},{\\\"questionId\\\":77,\\\"selectedType\\\":6},{\\\"questionId\\\":78,\\\"selectedType\\\":1},{\\\"questionId\\\":79,\\\"selectedType\\\":6},{\\\"questionId\\\":80,\\\"selectedType\\\":8},{\\\"questionId\\\":81,\\\"selectedType\\\":3},{\\\"questionId\\\":82,\\\"selectedType\\\":1},{\\\"questionId\\\":83,\\\"selectedType\\\":8},{\\\"questionId\\\":84,\\\"selectedType\\\":2},{\\\"questionId\\\":85,\\\"selectedType\\\":6},{\\\"questionId\\\":86,\\\"selectedType\\\":5},{\\\"questionId\\\":87,\\\"selectedType\\\":8},{\\\"questionId\\\":88,\\\"selectedType\\\":2},{\\\"questionId\\\":89,\\\"selectedType\\\":1},{\\\"questionId\\\":90,\\\"selectedType\\\":5},{\\\"questionId\\\":91,\\\"selectedType\\\":9},{\\\"questionId\\\":92,\\\"selectedType\\\":4},{\\\"questionId\\\":93,\\\"selectedType\\\":3},{\\\"questionId\\\":94,\\\"selectedType\\\":1},{\\\"questionId\\\":95,\\\"selectedType\\\":5},{\\\"questionId\\\":96,\\\"selectedType\\\":7},{\\\"questionId\\\":97,\\\"selectedType\\\":5},{\\\"questionId\\\":98,\\\"selectedType\\\":9},{\\\"questionId\\\":99,\\\"selectedType\\\":3},{\\\"questionId\\\":100,\\\"selectedType\\\":5},{\\\"questionId\\\":101,\\\"selectedType\\\":6},{\\\"questionId\\\":102,\\\"selectedType\\\":4},{\\\"questionId\\\":103,\\\"selectedType\\\":4},{\\\"questionId\\\":104,\\\"selectedType\\\":8},{\\\"questionId\\\":105,\\\"selectedType\\\":5},{\\\"questionId\\\":106,\\\"selectedType\\\":1},{\\\"questionId\\\":107,\\\"selectedType\\\":6},{\\\"questionId\\\":108,\\\"selectedType\\\":3},{\\\"questionId\\\":109,\\\"selectedType\\\":5},{\\\"questionId\\\":110,\\\"selectedType\\\":1},{\\\"questionId\\\":111,\\\"selectedType\\\":3},{\\\"questionId\\\":112,\\\"selectedType\\\":9},{\\\"questionId\\\":113,\\\"selectedType\\\":5},{\\\"questionId\\\":114,\\\"selectedType\\\":1},{\\\"questionId\\\":115,\\\"selectedType\\\":4},{\\\"questionId\\\":116,\\\"selectedType\\\":6},{\\\"questionId\\\":117,\\\"selectedType\\\":3},{\\\"questionId\\\":118,\\\"selectedType\\\":5},{\\\"questionId\\\":119,\\\"selectedType\\\":7},{\\\"questionId\\\":120,\\\"selectedType\\\":2},{\\\"questionId\\\":121,\\\"selectedType\\\":6},{\\\"questionId\\\":122,\\\"selectedType\\\":4},{\\\"questionId\\\":123,\\\"selectedType\\\":8},{\\\"questionId\\\":124,\\\"selectedType\\\":2},{\\\"questionId\\\":125,\\\"selectedType\\\":1},{\\\"questionId\\\":126,\\\"selectedType\\\":5},{\\\"questionId\\\":127,\\\"selectedType\\\":2},{\\\"questionId\\\":128,\\\"selectedType\\\":6},{\\\"questionId\\\":129,\\\"selectedType\\\":7},{\\\"questionId\\\":130,\\\"selectedType\\\":1},{\\\"questionId\\\":131,\\\"selectedType\\\":2},{\\\"questionId\\\":132,\\\"selectedType\\\":9},{\\\"questionId\\\":133,\\\"selectedType\\\":5},{\\\"questionId\\\":134,\\\"selectedType\\\":1},{\\\"questionId\\\":135,\\\"selectedType\\\":3},{\\\"questionId\\\":136,\\\"selectedType\\\":5},{\\\"questionId\\\":137,\\\"selectedType\\\":6},{\\\"questionId\\\":138,\\\"selectedType\\\":4},{\\\"questionId\\\":139,\\\"selectedType\\\":1},{\\\"questionId\\\":140,\\\"selectedType\\\":2},{\\\"questionId\\\":141,\\\"selectedType\\\":7},{\\\"questionId\\\":142,\\\"selectedType\\\":4},{\\\"questionId\\\":143,\\\"selectedType\\\":6},{\\\"questionId\\\":144,\\\"selectedType\\\":8}]\"','{\"top3\": [1, 5, 6], \"rawScores\": {\"1\": 23, \"2\": 18, \"3\": 12, \"4\": 13, \"5\": 25, \"6\": 20, \"7\": 10, \"8\": 11, \"9\": 12}, \"percentages\": {\"1\": 0.7419, \"2\": 0.5455, \"3\": 0.4, \"4\": 0.3939, \"5\": 0.7143, \"6\": 0.6667, \"7\": 0.3125, \"8\": 0.3667, \"9\": 0.3529}, \"primaryType\": 1, \"matchableOppositeCount\": 7, \"matchableOppositeTypes\": [2, 4, 5, 8, 9, 1, 6]}','{\"1\": 23, \"2\": 18, \"3\": 12, \"4\": 13, \"5\": 25, \"6\": 20, \"7\": 10, \"8\": 11, \"9\": 12}',1,'2026-01-20 15:55:29','2026-01-20 15:55:29'),(15,'XFL00167228',2,'\"[\\\"A1\\\",\\\"A3\\\"]\"','{\"type\": \"得分不足\", \"typeLabel\": \"得分不足\", \"description\": \"三个维度得分都低于5分，无法给出具体的依恋类型\", \"anxietyScore\": 2, \"securityScore\": 0, \"avoidanceScore\": 0}','{\"A\": 2, \"B\": 0, \"C\": 0}',0,'2026-01-20 15:56:16','2026-01-20 15:57:24'),(16,'XFL00167228',2,'\"[\\\"A3\\\",\\\"A1\\\",\\\"A10\\\",\\\"B4\\\",\\\"B7\\\",\\\"B8\\\",\\\"C5\\\"]\"','{\"type\": \"得分不足\", \"typeLabel\": \"得分不足\", \"description\": \"三个维度得分都低于5分，无法给出具体的依恋类型\", \"anxietyScore\": 3, \"securityScore\": 1, \"avoidanceScore\": 3}','{\"A\": 3, \"B\": 3, \"C\": 1}',1,'2026-01-20 15:57:24','2026-01-20 15:57:24'),(17,'XFL00133614',2,'\"[\\\"A1\\\",\\\"A10\\\",\\\"B6\\\",\\\"B12\\\",\\\"C1\\\",\\\"C2\\\",\\\"C5\\\",\\\"C6\\\",\\\"C7\\\",\\\"C8\\\",\\\"C9\\\",\\\"C10\\\",\\\"C11\\\",\\\"C12\\\"]\"','{\"type\": \"安全型\", \"typeLabel\": \"健康核心型\", \"description\": \"安全感充足，既信任伴侣、愿意亲密，又能保持自我独立\", \"anxietyScore\": 2, \"securityScore\": 10, \"avoidanceScore\": 2}','{\"A\": 2, \"B\": 2, \"C\": 10}',1,'2026-01-20 16:02:03','2026-01-20 16:02:03'),(18,'XFL00167228',3,'\"[{\\\"questionId\\\":\\\"D1-Q1\\\",\\\"score\\\":3},{\\\"questionId\\\":\\\"D1-Q2\\\",\\\"score\\\":3},{\\\"questionId\\\":\\\"D1-Q3\\\",\\\"score\\\":3},{\\\"questionId\\\":\\\"D1-Q4\\\",\\\"score\\\":3},{\\\"questionId\\\":\\\"D1-Q5\\\",\\\"score\\\":3},{\\\"questionId\\\":\\\"D1-Q6\\\",\\\"score\\\":2},{\\\"questionId\\\":\\\"D1-Q7\\\",\\\"score\\\":3},{\\\"questionId\\\":\\\"D1-Q8\\\",\\\"score\\\":3},{\\\"questionId\\\":\\\"D1-Q9\\\",\\\"score\\\":3},{\\\"questionId\\\":\\\"D1-Q10\\\",\\\"score\\\":3},{\\\"questionId\\\":\\\"D1-Q11\\\",\\\"score\\\":3},{\\\"questionId\\\":\\\"D1-Q12\\\",\\\"score\\\":4},{\\\"questionId\\\":\\\"D1-Q13\\\",\\\"score\\\":4},{\\\"questionId\\\":\\\"D1-Q14\\\",\\\"score\\\":3},{\\\"questionId\\\":\\\"D1-Q15\\\",\\\"score\\\":2},{\\\"questionId\\\":\\\"D1-Q16\\\",\\\"score\\\":3},{\\\"questionId\\\":\\\"D1-Q17\\\",\\\"score\\\":4},{\\\"questionId\\\":\\\"D1-Q18\\\",\\\"score\\\":3},{\\\"questionId\\\":\\\"D1-Q19\\\",\\\"score\\\":2},{\\\"questionId\\\":\\\"D1-Q20\\\",\\\"score\\\":4},{\\\"questionId\\\":\\\"D1-Q21\\\",\\\"score\\\":4},{\\\"questionId\\\":\\\"D1-Q22\\\",\\\"score\\\":3},{\\\"questionId\\\":\\\"D1-Q23\\\",\\\"score\\\":3},{\\\"questionId\\\":\\\"D1-Q24\\\",\\\"score\\\":3},{\\\"questionId\\\":\\\"D2-Q1\\\",\\\"score\\\":3},{\\\"questionId\\\":\\\"D2-Q2\\\",\\\"score\\\":4},{\\\"questionId\\\":\\\"D2-Q3\\\",\\\"score\\\":3},{\\\"questionId\\\":\\\"D2-Q4\\\",\\\"score\\\":3},{\\\"questionId\\\":\\\"D3-Q1\\\",\\\"score\\\":5},{\\\"questionId\\\":\\\"D3-Q2\\\",\\\"score\\\":4},{\\\"questionId\\\":\\\"D3-Q3\\\",\\\"score\\\":5},{\\\"questionId\\\":\\\"D4-Q1\\\",\\\"score\\\":3},{\\\"questionId\\\":\\\"D4-Q2\\\",\\\"score\\\":3},{\\\"questionId\\\":\\\"D4-Q3\\\",\\\"score\\\":3},{\\\"questionId\\\":\\\"D4-Q4\\\",\\\"score\\\":4},{\\\"questionId\\\":\\\"D5-Q1\\\",\\\"score\\\":5},{\\\"questionId\\\":\\\"D5-Q2\\\",\\\"score\\\":5},{\\\"questionId\\\":\\\"D5-Q3\\\",\\\"score\\\":4},{\\\"questionId\\\":\\\"D6-Q1\\\",\\\"score\\\":4},{\\\"questionId\\\":\\\"D6-Q2\\\",\\\"score\\\":3},{\\\"questionId\\\":\\\"D6-Q3\\\",\\\"score\\\":4},{\\\"questionId\\\":\\\"D7-Q1\\\",\\\"score\\\":2},{\\\"questionId\\\":\\\"D7-Q2\\\",\\\"score\\\":4},{\\\"questionId\\\":\\\"D7-Q3\\\",\\\"score\\\":3},{\\\"questionId\\\":\\\"D7-Q4\\\",\\\"score\\\":5},{\\\"questionId\\\":\\\"D7-Q5\\\",\\\"score\\\":4},{\\\"questionId\\\":\\\"D8-Q1\\\",\\\"score\\\":3},{\\\"questionId\\\":\\\"D8-Q2\\\",\\\"score\\\":3},{\\\"questionId\\\":\\\"D8-Q3\\\",\\\"score\\\":3},{\\\"questionId\\\":\\\"D8-Q4\\\",\\\"score\\\":3},{\\\"questionId\\\":\\\"D8-Q5\\\",\\\"score\\\":2},{\\\"questionId\\\":\\\"D9-Q1\\\",\\\"score\\\":4},{\\\"questionId\\\":\\\"D9-Q2\\\",\\\"score\\\":4},{\\\"questionId\\\":\\\"D9-Q3\\\",\\\"score\\\":3},{\\\"questionId\\\":\\\"D9-Q4\\\",\\\"score\\\":2},{\\\"questionId\\\":\\\"D9-Q5\\\",\\\"score\\\":2},{\\\"questionId\\\":\\\"D10-Q1\\\",\\\"score\\\":3},{\\\"questionId\\\":\\\"D10-Q2\\\",\\\"score\\\":2},{\\\"questionId\\\":\\\"D11-Q1\\\",\\\"score\\\":2},{\\\"questionId\\\":\\\"D11-Q2\\\",\\\"score\\\":2},{\\\"questionId\\\":\\\"D11-Q3\\\",\\\"score\\\":3},{\\\"questionId\\\":\\\"D11-Q4\\\",\\\"score\\\":3},{\\\"questionId\\\":\\\"D11-Q5\\\",\\\"score\\\":3},{\\\"questionId\\\":\\\"D11-Q6\\\",\\\"score\\\":2},{\\\"questionId\\\":\\\"D11-Q7\\\",\\\"score\\\":2},{\\\"questionId\\\":\\\"D11-Q8\\\",\\\"score\\\":3},{\\\"questionId\\\":\\\"D11-Q9\\\",\\\"score\\\":3},{\\\"questionId\\\":\\\"D11-Q10\\\",\\\"score\\\":3},{\\\"questionId\\\":\\\"D12-Q1\\\",\\\"score\\\":5},{\\\"questionId\\\":\\\"D12-Q2\\\",\\\"score\\\":3},{\\\"questionId\\\":\\\"D12-Q3\\\",\\\"score\\\":3},{\\\"questionId\\\":\\\"D12-Q4\\\",\\\"score\\\":3},{\\\"questionId\\\":\\\"D12-Q5\\\",\\\"score\\\":4},{\\\"questionId\\\":\\\"D12-Q6\\\",\\\"score\\\":3},{\\\"questionId\\\":\\\"D12-Q7\\\",\\\"score\\\":3},{\\\"questionId\\\":\\\"D12-Q8\\\",\\\"score\\\":3},{\\\"questionId\\\":\\\"D12-Q9\\\",\\\"score\\\":3},{\\\"questionId\\\":\\\"D12-Q10\\\",\\\"score\\\":3},{\\\"questionId\\\":\\\"D12-Q11\\\",\\\"score\\\":3},{\\\"questionId\\\":\\\"D12-Q12\\\",\\\"score\\\":3},{\\\"questionId\\\":\\\"D12-Q13\\\",\\\"score\\\":3},{\\\"questionId\\\":\\\"D12-Q14\\\",\\\"score\\\":3},{\\\"questionId\\\":\\\"D12-Q15\\\",\\\"score\\\":3},{\\\"questionId\\\":\\\"D12-Q16\\\",\\\"score\\\":3},{\\\"questionId\\\":\\\"D12-Q17\\\",\\\"score\\\":3},{\\\"questionId\\\":\\\"D12-Q18\\\",\\\"score\\\":3},{\\\"questionId\\\":\\\"D12-Q19\\\",\\\"score\\\":3},{\\\"questionId\\\":\\\"D12-Q20\\\",\\\"score\\\":5},{\\\"questionId\\\":\\\"D12-Q21\\\",\\\"score\\\":3},{\\\"questionId\\\":\\\"D12-Q22\\\",\\\"score\\\":5},{\\\"questionId\\\":\\\"D12-Q23\\\",\\\"score\\\":4},{\\\"questionId\\\":\\\"D13-Q1\\\",\\\"score\\\":2},{\\\"questionId\\\":\\\"D13-Q2\\\",\\\"score\\\":2},{\\\"questionId\\\":\\\"D13-Q3\\\",\\\"score\\\":3},{\\\"questionId\\\":\\\"D13-Q4\\\",\\\"score\\\":3},{\\\"questionId\\\":\\\"D13-Q5\\\",\\\"score\\\":3},{\\\"questionId\\\":\\\"D14-Q1\\\",\\\"score\\\":2},{\\\"questionId\\\":\\\"D14-Q2\\\",\\\"score\\\":2},{\\\"questionId\\\":\\\"D14-Q3\\\",\\\"score\\\":4},{\\\"questionId\\\":\\\"D14-Q4\\\",\\\"score\\\":4},{\\\"questionId\\\":\\\"D14-Q5\\\",\\\"score\\\":3},{\\\"questionId\\\":\\\"D14-Q6\\\",\\\"score\\\":3},{\\\"questionId\\\":\\\"D14-Q7\\\",\\\"score\\\":3},{\\\"questionId\\\":\\\"D14-Q8\\\",\\\"score\\\":2},{\\\"questionId\\\":\\\"D14-Q9\\\",\\\"score\\\":2},{\\\"questionId\\\":\\\"D14-Q10\\\",\\\"score\\\":1},{\\\"questionId\\\":\\\"D14-Q11\\\",\\\"score\\\":3},{\\\"questionId\\\":\\\"D14-Q12\\\",\\\"score\\\":2},{\\\"questionId\\\":\\\"D15-Q1\\\",\\\"score\\\":2},{\\\"questionId\\\":\\\"D15-Q2\\\",\\\"score\\\":2},{\\\"questionId\\\":\\\"D15-Q3\\\",\\\"score\\\":2},{\\\"questionId\\\":\\\"D15-Q4\\\",\\\"score\\\":3},{\\\"questionId\\\":\\\"D15-Q5\\\",\\\"score\\\":2},{\\\"questionId\\\":\\\"D15-Q6\\\",\\\"score\\\":2},{\\\"questionId\\\":\\\"D15-Q7\\\",\\\"score\\\":3},{\\\"questionId\\\":\\\"D15-Q8\\\",\\\"score\\\":4},{\\\"questionId\\\":\\\"D15-Q9\\\",\\\"score\\\":3},{\\\"questionId\\\":\\\"D16-Q1\\\",\\\"score\\\":3},{\\\"questionId\\\":\\\"D16-Q2\\\",\\\"score\\\":4},{\\\"questionId\\\":\\\"D16-Q3\\\",\\\"score\\\":3},{\\\"questionId\\\":\\\"D16-Q4\\\",\\\"score\\\":2},{\\\"questionId\\\":\\\"D16-Q5\\\",\\\"score\\\":3},{\\\"questionId\\\":\\\"D16-Q6\\\",\\\"score\\\":4},{\\\"questionId\\\":\\\"D16-Q7\\\",\\\"score\\\":4},{\\\"questionId\\\":\\\"D16-Q8\\\",\\\"score\\\":4},{\\\"questionId\\\":\\\"D16-Q9\\\",\\\"score\\\":4},{\\\"questionId\\\":\\\"D16-Q10\\\",\\\"score\\\":3},{\\\"questionId\\\":\\\"D17-Q1\\\",\\\"score\\\":2},{\\\"questionId\\\":\\\"D17-Q2\\\",\\\"score\\\":2},{\\\"questionId\\\":\\\"D17-Q3\\\",\\\"score\\\":2},{\\\"questionId\\\":\\\"D18-Q1\\\",\\\"score\\\":3},{\\\"questionId\\\":\\\"D18-Q2\\\",\\\"score\\\":2},{\\\"questionId\\\":\\\"D18-Q3\\\",\\\"score\\\":2},{\\\"questionId\\\":\\\"D18-Q4\\\",\\\"score\\\":2},{\\\"questionId\\\":\\\"D18-Q5\\\",\\\"score\\\":2},{\\\"questionId\\\":\\\"D18-Q6\\\",\\\"score\\\":3},{\\\"questionId\\\":\\\"D18-Q7\\\",\\\"score\\\":2},{\\\"questionId\\\":\\\"D18-Q8\\\",\\\"score\\\":2},{\\\"questionId\\\":\\\"D18-Q9\\\",\\\"score\\\":3},{\\\"questionId\\\":\\\"D18-Q10\\\",\\\"score\\\":2},{\\\"questionId\\\":\\\"D19-Q1\\\",\\\"score\\\":3},{\\\"questionId\\\":\\\"D19-Q2\\\",\\\"score\\\":2},{\\\"questionId\\\":\\\"D19-Q3\\\",\\\"score\\\":2},{\\\"questionId\\\":\\\"D19-Q4\\\",\\\"score\\\":4},{\\\"questionId\\\":\\\"D20-Q1\\\",\\\"score\\\":3},{\\\"questionId\\\":\\\"D20-Q2\\\",\\\"score\\\":3},{\\\"questionId\\\":\\\"D20-Q3\\\",\\\"score\\\":3},{\\\"questionId\\\":\\\"D20-Q4\\\",\\\"score\\\":2},{\\\"questionId\\\":\\\"D20-Q5\\\",\\\"score\\\":2},{\\\"questionId\\\":\\\"D20-Q6\\\",\\\"score\\\":2},{\\\"questionId\\\":\\\"D20-Q7\\\",\\\"score\\\":3},{\\\"questionId\\\":\\\"D20-Q8\\\",\\\"score\\\":3},{\\\"questionId\\\":\\\"D20-Q9\\\",\\\"score\\\":3},{\\\"questionId\\\":\\\"D20-Q10\\\",\\\"score\\\":2},{\\\"questionId\\\":\\\"D20-Q11\\\",\\\"score\\\":2},{\\\"questionId\\\":\\\"D20-Q12\\\",\\\"score\\\":2}]\"','{\"dimensions\": [{\"maxScore\": 120, \"rawScore\": 74, \"shortName\": \"乐商\", \"percentage\": 0.6167, \"dimensionId\": 1, \"targetScore\": 10, \"dimensionName\": \"积极性格\", \"normalizedScore\": 6.17}, {\"maxScore\": 24, \"rawScore\": 13, \"shortName\": \"情商\", \"percentage\": 0.5417, \"dimensionId\": 2, \"targetScore\": 10, \"dimensionName\": \"积极情绪\", \"normalizedScore\": 5.42}, {\"maxScore\": 21, \"rawScore\": 14, \"shortName\": \"心商\", \"percentage\": 0.6667, \"dimensionId\": 3, \"targetScore\": 10, \"dimensionName\": \"积极心态\", \"normalizedScore\": 6.67}, {\"maxScore\": 16, \"rawScore\": 13, \"shortName\": \"施容\", \"percentage\": 0.8125, \"dimensionId\": 4, \"targetScore\": 10, \"dimensionName\": \"积极力量\", \"normalizedScore\": 8.13}, {\"maxScore\": 21, \"rawScore\": 14, \"shortName\": \"语商\", \"percentage\": 0.6667, \"dimensionId\": 5, \"targetScore\": 10, \"dimensionName\": \"积极语言\", \"normalizedScore\": 6.67}, {\"maxScore\": 15, \"rawScore\": 11, \"shortName\": \"施语\", \"percentage\": 0.7333, \"dimensionId\": 6, \"targetScore\": 10, \"dimensionName\": \"积极沟通\", \"normalizedScore\": 7.33}, {\"maxScore\": 25, \"rawScore\": 18, \"shortName\": \"素质\", \"percentage\": 0.72, \"dimensionId\": 7, \"targetScore\": 10, \"dimensionName\": \"积极教育\", \"normalizedScore\": 7.2}, {\"maxScore\": 20, \"rawScore\": 14, \"shortName\": \"管教\", \"percentage\": 0.7, \"dimensionId\": 8, \"targetScore\": 10, \"dimensionName\": \"积极教养\", \"normalizedScore\": 7}, {\"maxScore\": 25, \"rawScore\": 15, \"shortName\": \"自律\", \"percentage\": 0.6, \"dimensionId\": 9, \"targetScore\": 10, \"dimensionName\": \"积极习惯\", \"normalizedScore\": 6}, {\"maxScore\": 10, \"rawScore\": 5, \"shortName\": \"优势\", \"percentage\": 0.5, \"dimensionId\": 10, \"targetScore\": 10, \"dimensionName\": \"积极天赋\", \"normalizedScore\": 5}, {\"maxScore\": 40, \"rawScore\": 26, \"shortName\": \"修养\", \"percentage\": 0.65, \"dimensionId\": 11, \"targetScore\": 10, \"dimensionName\": \"积极自尊\", \"normalizedScore\": 6.5}, {\"maxScore\": 161, \"rawScore\": 77, \"shortName\": \"爱商\", \"percentage\": 0.4783, \"dimensionId\": 12, \"targetScore\": 10, \"dimensionName\": \"积极关系\", \"normalizedScore\": 4.78}, {\"maxScore\": 25, \"rawScore\": 13, \"shortName\": \"勇气\", \"percentage\": 0.52, \"dimensionId\": 13, \"targetScore\": 10, \"dimensionName\": \"积极改变\", \"normalizedScore\": 5.2}, {\"maxScore\": 32, \"rawScore\": 31, \"shortName\": \"希望\", \"percentage\": 0.9688, \"dimensionId\": 14, \"targetScore\": 10, \"dimensionName\": \"积极信念\", \"normalizedScore\": 9.69}, {\"maxScore\": 45, \"rawScore\": 23, \"shortName\": \"福流\", \"percentage\": 0.5111, \"dimensionId\": 15, \"targetScore\": 10, \"dimensionName\": \"积极体验\", \"normalizedScore\": 5.11}, {\"maxScore\": 50, \"rawScore\": 34, \"shortName\": \"福商\", \"percentage\": 0.68, \"dimensionId\": 16, \"targetScore\": 10, \"dimensionName\": \"积极品质\", \"normalizedScore\": 6.8}, {\"maxScore\": 18, \"rawScore\": 6, \"shortName\": \"志商\", \"percentage\": 0.3333, \"dimensionId\": 17, \"targetScore\": 10, \"dimensionName\": \"积极投入\", \"normalizedScore\": 3.33}, {\"maxScore\": 40, \"rawScore\": 23, \"shortName\": \"德商\", \"percentage\": 0.575, \"dimensionId\": 18, \"targetScore\": 10, \"dimensionName\": \"积极自我\", \"normalizedScore\": 5.75}, {\"maxScore\": 16, \"rawScore\": 11, \"shortName\": \"财商\", \"percentage\": 0.6875, \"dimensionId\": 19, \"targetScore\": 10, \"dimensionName\": \"积极目标\", \"normalizedScore\": 6.88}, {\"maxScore\": 48, \"rawScore\": 30, \"shortName\": \"健商\", \"percentage\": 0.625, \"dimensionId\": 20, \"targetScore\": 10, \"dimensionName\": \"积极意义\", \"normalizedScore\": 6.25}], \"averageScore\": 6.29, \"totalMaxScore\": 772, \"totalRawScore\": 465}','{\"D1\": 74, \"D2\": 13, \"D3\": 14, \"D4\": 13, \"D5\": 14, \"D6\": 11, \"D7\": 18, \"D8\": 14, \"D9\": 15, \"D10\": 5, \"D11\": 26, \"D12\": 77, \"D13\": 13, \"D14\": 31, \"D15\": 23, \"D16\": 34, \"D17\": 6, \"D18\": 23, \"D19\": 11, \"D20\": 30}',1,'2026-01-20 16:18:03','2026-01-20 16:18:03'),(19,'XFL00133614',3,'\"[{\\\"questionId\\\":\\\"D1-Q1\\\",\\\"score\\\":5},{\\\"questionId\\\":\\\"D1-Q2\\\",\\\"score\\\":5},{\\\"questionId\\\":\\\"D1-Q3\\\",\\\"score\\\":4},{\\\"questionId\\\":\\\"D1-Q4\\\",\\\"score\\\":5},{\\\"questionId\\\":\\\"D1-Q5\\\",\\\"score\\\":4},{\\\"questionId\\\":\\\"D1-Q6\\\",\\\"score\\\":4},{\\\"questionId\\\":\\\"D1-Q7\\\",\\\"score\\\":5},{\\\"questionId\\\":\\\"D1-Q8\\\",\\\"score\\\":5},{\\\"questionId\\\":\\\"D1-Q9\\\",\\\"score\\\":5},{\\\"questionId\\\":\\\"D1-Q10\\\",\\\"score\\\":5},{\\\"questionId\\\":\\\"D1-Q11\\\",\\\"score\\\":5},{\\\"questionId\\\":\\\"D1-Q12\\\",\\\"score\\\":5},{\\\"questionId\\\":\\\"D1-Q13\\\",\\\"score\\\":5},{\\\"questionId\\\":\\\"D1-Q14\\\",\\\"score\\\":5},{\\\"questionId\\\":\\\"D1-Q15\\\",\\\"score\\\":4},{\\\"questionId\\\":\\\"D1-Q16\\\",\\\"score\\\":4},{\\\"questionId\\\":\\\"D1-Q17\\\",\\\"score\\\":5},{\\\"questionId\\\":\\\"D1-Q18\\\",\\\"score\\\":5},{\\\"questionId\\\":\\\"D1-Q19\\\",\\\"score\\\":4},{\\\"questionId\\\":\\\"D1-Q20\\\",\\\"score\\\":5},{\\\"questionId\\\":\\\"D1-Q21\\\",\\\"score\\\":5},{\\\"questionId\\\":\\\"D1-Q22\\\",\\\"score\\\":5},{\\\"questionId\\\":\\\"D1-Q23\\\",\\\"score\\\":4},{\\\"questionId\\\":\\\"D1-Q24\\\",\\\"score\\\":4},{\\\"questionId\\\":\\\"D2-Q1\\\",\\\"score\\\":4},{\\\"questionId\\\":\\\"D2-Q2\\\",\\\"score\\\":4},{\\\"questionId\\\":\\\"D2-Q3\\\",\\\"score\\\":3},{\\\"questionId\\\":\\\"D2-Q4\\\",\\\"score\\\":6},{\\\"questionId\\\":\\\"D3-Q1\\\",\\\"score\\\":5},{\\\"questionId\\\":\\\"D3-Q2\\\",\\\"score\\\":5},{\\\"questionId\\\":\\\"D3-Q3\\\",\\\"score\\\":5},{\\\"questionId\\\":\\\"D4-Q1\\\",\\\"score\\\":4},{\\\"questionId\\\":\\\"D4-Q2\\\",\\\"score\\\":4},{\\\"questionId\\\":\\\"D4-Q3\\\",\\\"score\\\":2},{\\\"questionId\\\":\\\"D4-Q4\\\",\\\"score\\\":4},{\\\"questionId\\\":\\\"D5-Q1\\\",\\\"score\\\":7},{\\\"questionId\\\":\\\"D5-Q2\\\",\\\"score\\\":6},{\\\"questionId\\\":\\\"D5-Q3\\\",\\\"score\\\":6},{\\\"questionId\\\":\\\"D6-Q1\\\",\\\"score\\\":5},{\\\"questionId\\\":\\\"D6-Q2\\\",\\\"score\\\":5},{\\\"questionId\\\":\\\"D6-Q3\\\",\\\"score\\\":5},{\\\"questionId\\\":\\\"D7-Q1\\\",\\\"score\\\":4},{\\\"questionId\\\":\\\"D7-Q2\\\",\\\"score\\\":5},{\\\"questionId\\\":\\\"D7-Q3\\\",\\\"score\\\":5},{\\\"questionId\\\":\\\"D7-Q4\\\",\\\"score\\\":4},{\\\"questionId\\\":\\\"D7-Q5\\\",\\\"score\\\":3},{\\\"questionId\\\":\\\"D8-Q1\\\",\\\"score\\\":2},{\\\"questionId\\\":\\\"D8-Q2\\\",\\\"score\\\":4},{\\\"questionId\\\":\\\"D8-Q3\\\",\\\"score\\\":2},{\\\"questionId\\\":\\\"D8-Q4\\\",\\\"score\\\":3},{\\\"questionId\\\":\\\"D8-Q5\\\",\\\"score\\\":3},{\\\"questionId\\\":\\\"D9-Q1\\\",\\\"score\\\":1},{\\\"questionId\\\":\\\"D9-Q2\\\",\\\"score\\\":1},{\\\"questionId\\\":\\\"D9-Q3\\\",\\\"score\\\":5},{\\\"questionId\\\":\\\"D9-Q4\\\",\\\"score\\\":4},{\\\"questionId\\\":\\\"D9-Q5\\\",\\\"score\\\":2},{\\\"questionId\\\":\\\"D10-Q1\\\",\\\"score\\\":4},{\\\"questionId\\\":\\\"D10-Q2\\\",\\\"score\\\":4},{\\\"questionId\\\":\\\"D11-Q1\\\",\\\"score\\\":4},{\\\"questionId\\\":\\\"D11-Q2\\\",\\\"score\\\":4},{\\\"questionId\\\":\\\"D11-Q3\\\",\\\"score\\\":1},{\\\"questionId\\\":\\\"D11-Q4\\\",\\\"score\\\":4},{\\\"questionId\\\":\\\"D11-Q5\\\",\\\"score\\\":1},{\\\"questionId\\\":\\\"D11-Q6\\\",\\\"score\\\":4},{\\\"questionId\\\":\\\"D11-Q7\\\",\\\"score\\\":3},{\\\"questionId\\\":\\\"D11-Q8\\\",\\\"score\\\":4},{\\\"questionId\\\":\\\"D11-Q9\\\",\\\"score\\\":1},{\\\"questionId\\\":\\\"D11-Q10\\\",\\\"score\\\":1},{\\\"questionId\\\":\\\"D12-Q1\\\",\\\"score\\\":5},{\\\"questionId\\\":\\\"D12-Q2\\\",\\\"score\\\":4},{\\\"questionId\\\":\\\"D12-Q3\\\",\\\"score\\\":4},{\\\"questionId\\\":\\\"D12-Q4\\\",\\\"score\\\":6},{\\\"questionId\\\":\\\"D12-Q5\\\",\\\"score\\\":3},{\\\"questionId\\\":\\\"D12-Q6\\\",\\\"score\\\":4},{\\\"questionId\\\":\\\"D12-Q7\\\",\\\"score\\\":5},{\\\"questionId\\\":\\\"D12-Q8\\\",\\\"score\\\":3},{\\\"questionId\\\":\\\"D12-Q9\\\",\\\"score\\\":5},{\\\"questionId\\\":\\\"D12-Q10\\\",\\\"score\\\":6},{\\\"questionId\\\":\\\"D12-Q11\\\",\\\"score\\\":5},{\\\"questionId\\\":\\\"D12-Q12\\\",\\\"score\\\":5},{\\\"questionId\\\":\\\"D12-Q13\\\",\\\"score\\\":3},{\\\"questionId\\\":\\\"D12-Q14\\\",\\\"score\\\":3},{\\\"questionId\\\":\\\"D12-Q15\\\",\\\"score\\\":3},{\\\"questionId\\\":\\\"D12-Q16\\\",\\\"score\\\":2},{\\\"questionId\\\":\\\"D12-Q17\\\",\\\"score\\\":4},{\\\"questionId\\\":\\\"D12-Q18\\\",\\\"score\\\":3},{\\\"questionId\\\":\\\"D12-Q19\\\",\\\"score\\\":5},{\\\"questionId\\\":\\\"D12-Q20\\\",\\\"score\\\":4},{\\\"questionId\\\":\\\"D12-Q21\\\",\\\"score\\\":5},{\\\"questionId\\\":\\\"D12-Q22\\\",\\\"score\\\":6},{\\\"questionId\\\":\\\"D12-Q23\\\",\\\"score\\\":7},{\\\"questionId\\\":\\\"D13-Q1\\\",\\\"score\\\":5},{\\\"questionId\\\":\\\"D13-Q2\\\",\\\"score\\\":5},{\\\"questionId\\\":\\\"D13-Q3\\\",\\\"score\\\":5},{\\\"questionId\\\":\\\"D13-Q4\\\",\\\"score\\\":5},{\\\"questionId\\\":\\\"D13-Q5\\\",\\\"score\\\":4},{\\\"questionId\\\":\\\"D14-Q1\\\",\\\"score\\\":3},{\\\"questionId\\\":\\\"D14-Q2\\\",\\\"score\\\":4},{\\\"questionId\\\":\\\"D14-Q3\\\",\\\"score\\\":2},{\\\"questionId\\\":\\\"D14-Q4\\\",\\\"score\\\":4},{\\\"questionId\\\":\\\"D14-Q5\\\",\\\"score\\\":2},{\\\"questionId\\\":\\\"D14-Q6\\\",\\\"score\\\":3},{\\\"questionId\\\":\\\"D14-Q7\\\",\\\"score\\\":3},{\\\"questionId\\\":\\\"D14-Q8\\\",\\\"score\\\":3},{\\\"questionId\\\":\\\"D14-Q9\\\",\\\"score\\\":4},{\\\"questionId\\\":\\\"D14-Q10\\\",\\\"score\\\":3},{\\\"questionId\\\":\\\"D14-Q11\\\",\\\"score\\\":3},{\\\"questionId\\\":\\\"D14-Q12\\\",\\\"score\\\":4},{\\\"questionId\\\":\\\"D15-Q1\\\",\\\"score\\\":4},{\\\"questionId\\\":\\\"D15-Q2\\\",\\\"score\\\":3},{\\\"questionId\\\":\\\"D15-Q3\\\",\\\"score\\\":4},{\\\"questionId\\\":\\\"D15-Q4\\\",\\\"score\\\":4},{\\\"questionId\\\":\\\"D15-Q5\\\",\\\"score\\\":4},{\\\"questionId\\\":\\\"D15-Q6\\\",\\\"score\\\":4},{\\\"questionId\\\":\\\"D15-Q7\\\",\\\"score\\\":4},{\\\"questionId\\\":\\\"D15-Q8\\\",\\\"score\\\":4},{\\\"questionId\\\":\\\"D15-Q9\\\",\\\"score\\\":4},{\\\"questionId\\\":\\\"D16-Q1\\\",\\\"score\\\":4},{\\\"questionId\\\":\\\"D16-Q2\\\",\\\"score\\\":5},{\\\"questionId\\\":\\\"D16-Q3\\\",\\\"score\\\":2},{\\\"questionId\\\":\\\"D16-Q4\\\",\\\"score\\\":5},{\\\"questionId\\\":\\\"D16-Q5\\\",\\\"score\\\":5},{\\\"questionId\\\":\\\"D16-Q6\\\",\\\"score\\\":5},{\\\"questionId\\\":\\\"D16-Q7\\\",\\\"score\\\":4},{\\\"questionId\\\":\\\"D16-Q8\\\",\\\"score\\\":4},{\\\"questionId\\\":\\\"D16-Q9\\\",\\\"score\\\":4},{\\\"questionId\\\":\\\"D16-Q10\\\",\\\"score\\\":4},{\\\"questionId\\\":\\\"D17-Q1\\\",\\\"score\\\":5},{\\\"questionId\\\":\\\"D17-Q2\\\",\\\"score\\\":6},{\\\"questionId\\\":\\\"D17-Q3\\\",\\\"score\\\":6},{\\\"questionId\\\":\\\"D18-Q1\\\",\\\"score\\\":3},{\\\"questionId\\\":\\\"D18-Q2\\\",\\\"score\\\":2},{\\\"questionId\\\":\\\"D18-Q3\\\",\\\"score\\\":3},{\\\"questionId\\\":\\\"D18-Q4\\\",\\\"score\\\":3},{\\\"questionId\\\":\\\"D18-Q5\\\",\\\"score\\\":3},{\\\"questionId\\\":\\\"D18-Q6\\\",\\\"score\\\":3},{\\\"questionId\\\":\\\"D18-Q7\\\",\\\"score\\\":3},{\\\"questionId\\\":\\\"D18-Q8\\\",\\\"score\\\":3},{\\\"questionId\\\":\\\"D18-Q9\\\",\\\"score\\\":3},{\\\"questionId\\\":\\\"D18-Q10\\\",\\\"score\\\":3},{\\\"questionId\\\":\\\"D19-Q1\\\",\\\"score\\\":3},{\\\"questionId\\\":\\\"D19-Q2\\\",\\\"score\\\":4},{\\\"questionId\\\":\\\"D19-Q3\\\",\\\"score\\\":3},{\\\"questionId\\\":\\\"D19-Q4\\\",\\\"score\\\":4},{\\\"questionId\\\":\\\"D20-Q1\\\",\\\"score\\\":3},{\\\"questionId\\\":\\\"D20-Q2\\\",\\\"score\\\":3},{\\\"questionId\\\":\\\"D20-Q3\\\",\\\"score\\\":3},{\\\"questionId\\\":\\\"D20-Q4\\\",\\\"score\\\":3},{\\\"questionId\\\":\\\"D20-Q5\\\",\\\"score\\\":3},{\\\"questionId\\\":\\\"D20-Q6\\\",\\\"score\\\":3},{\\\"questionId\\\":\\\"D20-Q7\\\",\\\"score\\\":3},{\\\"questionId\\\":\\\"D20-Q8\\\",\\\"score\\\":3},{\\\"questionId\\\":\\\"D20-Q9\\\",\\\"score\\\":3},{\\\"questionId\\\":\\\"D20-Q10\\\",\\\"score\\\":3},{\\\"questionId\\\":\\\"D20-Q11\\\",\\\"score\\\":3},{\\\"questionId\\\":\\\"D20-Q12\\\",\\\"score\\\":3}]\"','{\"dimensions\": [{\"maxScore\": 120, \"rawScore\": 112, \"shortName\": \"乐商\", \"percentage\": 0.9333, \"dimensionId\": 1, \"targetScore\": 10, \"dimensionName\": \"积极性格\", \"normalizedScore\": 9.33}, {\"maxScore\": 24, \"rawScore\": 17, \"shortName\": \"情商\", \"percentage\": 0.7083, \"dimensionId\": 2, \"targetScore\": 10, \"dimensionName\": \"积极情绪\", \"normalizedScore\": 7.08}, {\"maxScore\": 21, \"rawScore\": 15, \"shortName\": \"心商\", \"percentage\": 0.7143, \"dimensionId\": 3, \"targetScore\": 10, \"dimensionName\": \"积极心态\", \"normalizedScore\": 7.14}, {\"maxScore\": 16, \"rawScore\": 14, \"shortName\": \"施容\", \"percentage\": 0.875, \"dimensionId\": 4, \"targetScore\": 10, \"dimensionName\": \"积极力量\", \"normalizedScore\": 8.75}, {\"maxScore\": 21, \"rawScore\": 19, \"shortName\": \"语商\", \"percentage\": 0.9048, \"dimensionId\": 5, \"targetScore\": 10, \"dimensionName\": \"积极语言\", \"normalizedScore\": 9.05}, {\"maxScore\": 15, \"rawScore\": 15, \"shortName\": \"施语\", \"percentage\": 1, \"dimensionId\": 6, \"targetScore\": 10, \"dimensionName\": \"积极沟通\", \"normalizedScore\": 10}, {\"maxScore\": 25, \"rawScore\": 21, \"shortName\": \"素质\", \"percentage\": 0.84, \"dimensionId\": 7, \"targetScore\": 10, \"dimensionName\": \"积极教育\", \"normalizedScore\": 8.4}, {\"maxScore\": 20, \"rawScore\": 14, \"shortName\": \"管教\", \"percentage\": 0.7, \"dimensionId\": 8, \"targetScore\": 10, \"dimensionName\": \"积极教养\", \"normalizedScore\": 7}, {\"maxScore\": 25, \"rawScore\": 13, \"shortName\": \"自律\", \"percentage\": 0.52, \"dimensionId\": 9, \"targetScore\": 10, \"dimensionName\": \"积极习惯\", \"normalizedScore\": 5.2}, {\"maxScore\": 10, \"rawScore\": 8, \"shortName\": \"优势\", \"percentage\": 0.8, \"dimensionId\": 10, \"targetScore\": 10, \"dimensionName\": \"积极天赋\", \"normalizedScore\": 8}, {\"maxScore\": 40, \"rawScore\": 27, \"shortName\": \"修养\", \"percentage\": 0.675, \"dimensionId\": 11, \"targetScore\": 10, \"dimensionName\": \"积极自尊\", \"normalizedScore\": 6.75}, {\"maxScore\": 161, \"rawScore\": 100, \"shortName\": \"爱商\", \"percentage\": 0.6211, \"dimensionId\": 12, \"targetScore\": 10, \"dimensionName\": \"积极关系\", \"normalizedScore\": 6.21}, {\"maxScore\": 25, \"rawScore\": 24, \"shortName\": \"勇气\", \"percentage\": 0.96, \"dimensionId\": 13, \"targetScore\": 10, \"dimensionName\": \"积极改变\", \"normalizedScore\": 9.6}, {\"maxScore\": 32, \"rawScore\": 38, \"shortName\": \"希望\", \"percentage\": 1.1875, \"dimensionId\": 14, \"targetScore\": 10, \"dimensionName\": \"积极信念\", \"normalizedScore\": 11.88}, {\"maxScore\": 45, \"rawScore\": 35, \"shortName\": \"福流\", \"percentage\": 0.7778, \"dimensionId\": 15, \"targetScore\": 10, \"dimensionName\": \"积极体验\", \"normalizedScore\": 7.78}, {\"maxScore\": 50, \"rawScore\": 42, \"shortName\": \"福商\", \"percentage\": 0.84, \"dimensionId\": 16, \"targetScore\": 10, \"dimensionName\": \"积极品质\", \"normalizedScore\": 8.4}, {\"maxScore\": 18, \"rawScore\": 17, \"shortName\": \"志商\", \"percentage\": 0.9444, \"dimensionId\": 17, \"targetScore\": 10, \"dimensionName\": \"积极投入\", \"normalizedScore\": 9.44}, {\"maxScore\": 40, \"rawScore\": 29, \"shortName\": \"德商\", \"percentage\": 0.725, \"dimensionId\": 18, \"targetScore\": 10, \"dimensionName\": \"积极自我\", \"normalizedScore\": 7.25}, {\"maxScore\": 16, \"rawScore\": 14, \"shortName\": \"财商\", \"percentage\": 0.875, \"dimensionId\": 19, \"targetScore\": 10, \"dimensionName\": \"积极目标\", \"normalizedScore\": 8.75}, {\"maxScore\": 48, \"rawScore\": 36, \"shortName\": \"健商\", \"percentage\": 0.75, \"dimensionId\": 20, \"targetScore\": 10, \"dimensionName\": \"积极意义\", \"normalizedScore\": 7.5}], \"averageScore\": 8.18, \"totalMaxScore\": 772, \"totalRawScore\": 610}','{\"D1\": 112, \"D2\": 17, \"D3\": 15, \"D4\": 14, \"D5\": 19, \"D6\": 15, \"D7\": 21, \"D8\": 14, \"D9\": 13, \"D10\": 8, \"D11\": 27, \"D12\": 100, \"D13\": 24, \"D14\": 38, \"D15\": 35, \"D16\": 42, \"D17\": 17, \"D18\": 29, \"D19\": 14, \"D20\": 36}',1,'2026-01-20 16:33:35','2026-01-20 16:33:35'),(20,'XFL00184035',1,'\"[{\\\"questionId\\\":1,\\\"selectedType\\\":5},{\\\"questionId\\\":2,\\\"selectedType\\\":1},{\\\"questionId\\\":3,\\\"selectedType\\\":3},{\\\"questionId\\\":4,\\\"selectedType\\\":8},{\\\"questionId\\\":5,\\\"selectedType\\\":6},{\\\"questionId\\\":6,\\\"selectedType\\\":2},{\\\"questionId\\\":7,\\\"selectedType\\\":4},{\\\"questionId\\\":8,\\\"selectedType\\\":5},{\\\"questionId\\\":9,\\\"selectedType\\\":3},{\\\"questionId\\\":10,\\\"selectedType\\\":1},{\\\"questionId\\\":11,\\\"selectedType\\\":7},{\\\"questionId\\\":12,\\\"selectedType\\\":4},{\\\"questionId\\\":13,\\\"selectedType\\\":3},{\\\"questionId\\\":14,\\\"selectedType\\\":5},{\\\"questionId\\\":15,\\\"selectedType\\\":8},{\\\"questionId\\\":16,\\\"selectedType\\\":2},{\\\"questionId\\\":17,\\\"selectedType\\\":1},{\\\"questionId\\\":18,\\\"selectedType\\\":3},{\\\"questionId\\\":19,\\\"selectedType\\\":9},{\\\"questionId\\\":20,\\\"selectedType\\\":4},{\\\"questionId\\\":21,\\\"selectedType\\\":7},{\\\"questionId\\\":22,\\\"selectedType\\\":1},{\\\"questionId\\\":23,\\\"selectedType\\\":6},{\\\"questionId\\\":24,\\\"selectedType\\\":7},{\\\"questionId\\\":25,\\\"selectedType\\\":5},{\\\"questionId\\\":26,\\\"selectedType\\\":1},{\\\"questionId\\\":27,\\\"selectedType\\\":2},{\\\"questionId\\\":28,\\\"selectedType\\\":8},{\\\"questionId\\\":29,\\\"selectedType\\\":6},{\\\"questionId\\\":30,\\\"selectedType\\\":4},{\\\"questionId\\\":31,\\\"selectedType\\\":1},{\\\"questionId\\\":32,\\\"selectedType\\\":8},{\\\"questionId\\\":33,\\\"selectedType\\\":5},{\\\"questionId\\\":34,\\\"selectedType\\\":4},{\\\"questionId\\\":35,\\\"selectedType\\\":7},{\\\"questionId\\\":36,\\\"selectedType\\\":3},{\\\"questionId\\\":37,\\\"selectedType\\\":5},{\\\"questionId\\\":38,\\\"selectedType\\\":1},{\\\"questionId\\\":39,\\\"selectedType\\\":3},{\\\"questionId\\\":40,\\\"selectedType\\\":9},{\\\"questionId\\\":41,\\\"selectedType\\\":6},{\\\"questionId\\\":42,\\\"selectedType\\\":2},{\\\"questionId\\\":43,\\\"selectedType\\\":7},{\\\"questionId\\\":44,\\\"selectedType\\\":8},{\\\"questionId\\\":45,\\\"selectedType\\\":9},{\\\"questionId\\\":46,\\\"selectedType\\\":5},{\\\"questionId\\\":47,\\\"selectedType\\\":8},{\\\"questionId\\\":48,\\\"selectedType\\\":4},{\\\"questionId\\\":49,\\\"selectedType\\\":6},{\\\"questionId\\\":50,\\\"selectedType\\\":9},{\\\"questionId\\\":51,\\\"selectedType\\\":4},{\\\"questionId\\\":52,\\\"selectedType\\\":2},{\\\"questionId\\\":53,\\\"selectedType\\\":6},{\\\"questionId\\\":54,\\\"selectedType\\\":3},{\\\"questionId\\\":55,\\\"selectedType\\\":9},{\\\"questionId\\\":56,\\\"selectedType\\\":6},{\\\"questionId\\\":57,\\\"selectedType\\\":3},{\\\"questionId\\\":58,\\\"selectedType\\\":8},{\\\"questionId\\\":59,\\\"selectedType\\\":2},{\\\"questionId\\\":60,\\\"selectedType\\\":9},{\\\"questionId\\\":61,\\\"selectedType\\\":4},{\\\"questionId\\\":62,\\\"selectedType\\\":9},{\\\"questionId\\\":63,\\\"selectedType\\\":3},{\\\"questionId\\\":64,\\\"selectedType\\\":8},{\\\"questionId\\\":65,\\\"selectedType\\\":7},{\\\"questionId\\\":66,\\\"selectedType\\\":4},{\\\"questionId\\\":67,\\\"selectedType\\\":3},{\\\"questionId\\\":68,\\\"selectedType\\\":7},{\\\"questionId\\\":69,\\\"selectedType\\\":7},{\\\"questionId\\\":70,\\\"selectedType\\\":4},{\\\"questionId\\\":71,\\\"selectedType\\\":6},{\\\"questionId\\\":72,\\\"selectedType\\\":8},{\\\"questionId\\\":73,\\\"selectedType\\\":2},{\\\"questionId\\\":74,\\\"selectedType\\\":6},{\\\"questionId\\\":75,\\\"selectedType\\\":4},{\\\"questionId\\\":76,\\\"selectedType\\\":8},{\\\"questionId\\\":77,\\\"selectedType\\\":6},{\\\"questionId\\\":78,\\\"selectedType\\\":2},{\\\"questionId\\\":79,\\\"selectedType\\\":6},{\\\"questionId\\\":80,\\\"selectedType\\\":8},{\\\"questionId\\\":81,\\\"selectedType\\\":3},{\\\"questionId\\\":82,\\\"selectedType\\\":1},{\\\"questionId\\\":83,\\\"selectedType\\\":7},{\\\"questionId\\\":84,\\\"selectedType\\\":4},{\\\"questionId\\\":85,\\\"selectedType\\\":6},{\\\"questionId\\\":86,\\\"selectedType\\\":9},{\\\"questionId\\\":87,\\\"selectedType\\\":9},{\\\"questionId\\\":88,\\\"selectedType\\\":7},{\\\"questionId\\\":89,\\\"selectedType\\\":6},{\\\"questionId\\\":90,\\\"selectedType\\\":3},{\\\"questionId\\\":91,\\\"selectedType\\\":2},{\\\"questionId\\\":92,\\\"selectedType\\\":4},{\\\"questionId\\\":93,\\\"selectedType\\\":3},{\\\"questionId\\\":94,\\\"selectedType\\\":1},{\\\"questionId\\\":95,\\\"selectedType\\\":5},{\\\"questionId\\\":96,\\\"selectedType\\\":7},{\\\"questionId\\\":97,\\\"selectedType\\\":5},{\\\"questionId\\\":98,\\\"selectedType\\\":1},{\\\"questionId\\\":99,\\\"selectedType\\\":3},{\\\"questionId\\\":100,\\\"selectedType\\\":8},{\\\"questionId\\\":101,\\\"selectedType\\\":7},{\\\"questionId\\\":102,\\\"selectedType\\\":9},{\\\"questionId\\\":103,\\\"selectedType\\\":4},{\\\"questionId\\\":104,\\\"selectedType\\\":8},{\\\"questionId\\\":105,\\\"selectedType\\\":5},{\\\"questionId\\\":106,\\\"selectedType\\\":4},{\\\"questionId\\\":107,\\\"selectedType\\\":6},{\\\"questionId\\\":108,\\\"selectedType\\\":3},{\\\"questionId\\\":109,\\\"selectedType\\\":5},{\\\"questionId\\\":110,\\\"selectedType\\\":7},{\\\"questionId\\\":111,\\\"selectedType\\\":4},{\\\"questionId\\\":112,\\\"selectedType\\\":9},{\\\"questionId\\\":113,\\\"selectedType\\\":6},{\\\"questionId\\\":114,\\\"selectedType\\\":1},{\\\"questionId\\\":115,\\\"selectedType\\\":4},{\\\"questionId\\\":116,\\\"selectedType\\\":6},{\\\"questionId\\\":117,\\\"selectedType\\\":3},{\\\"questionId\\\":118,\\\"selectedType\\\":5},{\\\"questionId\\\":119,\\\"selectedType\\\":7},{\\\"questionId\\\":120,\\\"selectedType\\\":2},{\\\"questionId\\\":121,\\\"selectedType\\\":6},{\\\"questionId\\\":122,\\\"selectedType\\\":9},{\\\"questionId\\\":123,\\\"selectedType\\\":4},{\\\"questionId\\\":124,\\\"selectedType\\\":2},{\\\"questionId\\\":125,\\\"selectedType\\\":6},{\\\"questionId\\\":126,\\\"selectedType\\\":3},{\\\"questionId\\\":127,\\\"selectedType\\\":2},{\\\"questionId\\\":128,\\\"selectedType\\\":6},{\\\"questionId\\\":129,\\\"selectedType\\\":7},{\\\"questionId\\\":130,\\\"selectedType\\\":8},{\\\"questionId\\\":131,\\\"selectedType\\\":2},{\\\"questionId\\\":132,\\\"selectedType\\\":7},{\\\"questionId\\\":133,\\\"selectedType\\\":5},{\\\"questionId\\\":134,\\\"selectedType\\\":9},{\\\"questionId\\\":135,\\\"selectedType\\\":2},{\\\"questionId\\\":136,\\\"selectedType\\\":5},{\\\"questionId\\\":137,\\\"selectedType\\\":6},{\\\"questionId\\\":138,\\\"selectedType\\\":4},{\\\"questionId\\\":139,\\\"selectedType\\\":3},{\\\"questionId\\\":140,\\\"selectedType\\\":2},{\\\"questionId\\\":141,\\\"selectedType\\\":7},{\\\"questionId\\\":142,\\\"selectedType\\\":1},{\\\"questionId\\\":143,\\\"selectedType\\\":6},{\\\"questionId\\\":144,\\\"selectedType\\\":8}]\"','{\"top3\": [6, 3, 4], \"rawScores\": {\"1\": 12, \"2\": 15, \"3\": 18, \"4\": 19, \"5\": 14, \"6\": 21, \"7\": 17, \"8\": 15, \"9\": 13}, \"percentages\": {\"1\": 0.3871, \"2\": 0.4545, \"3\": 0.6, \"4\": 0.5758, \"5\": 0.4, \"6\": 0.7, \"7\": 0.5313, \"8\": 0.5, \"9\": 0.3824}, \"primaryType\": 6, \"matchableOppositeCount\": 8, \"matchableOppositeTypes\": [9, 2, 6, 1, 4, 5, 7, 8]}','{\"1\": 12, \"2\": 15, \"3\": 18, \"4\": 19, \"5\": 14, \"6\": 21, \"7\": 17, \"8\": 15, \"9\": 13}',1,'2026-01-21 09:47:16','2026-01-21 09:47:16'),(21,'XFL00184035',2,'\"[\\\"A1\\\",\\\"A4\\\",\\\"A6\\\",\\\"A8\\\",\\\"A10\\\",\\\"A12\\\",\\\"B7\\\",\\\"B12\\\",\\\"C1\\\",\\\"C3\\\",\\\"C2\\\",\\\"C4\\\",\\\"C5\\\",\\\"C6\\\",\\\"C8\\\",\\\"C9\\\",\\\"C10\\\"]\"','{\"type\": \"焦虑型\", \"typeLabel\": \"渴求亲密型\", \"description\": \"极度渴望亲密与认可，害怕被抛弃，对关系的安全感极低\", \"anxietyScore\": 6, \"securityScore\": 9, \"avoidanceScore\": 2}','{\"A\": 6, \"B\": 2, \"C\": 9}',1,'2026-01-21 09:49:29','2026-01-21 09:49:29'),(22,'XFL00100843',1,'\"[{\\\"questionId\\\":1,\\\"selectedType\\\":2},{\\\"questionId\\\":2,\\\"selectedType\\\":7},{\\\"questionId\\\":3,\\\"selectedType\\\":3},{\\\"questionId\\\":4,\\\"selectedType\\\":8},{\\\"questionId\\\":5,\\\"selectedType\\\":6},{\\\"questionId\\\":6,\\\"selectedType\\\":2},{\\\"questionId\\\":7,\\\"selectedType\\\":7},{\\\"questionId\\\":8,\\\"selectedType\\\":7},{\\\"questionId\\\":9,\\\"selectedType\\\":9},{\\\"questionId\\\":10,\\\"selectedType\\\":1},{\\\"questionId\\\":11,\\\"selectedType\\\":7},{\\\"questionId\\\":12,\\\"selectedType\\\":4},{\\\"questionId\\\":13,\\\"selectedType\\\":6},{\\\"questionId\\\":14,\\\"selectedType\\\":9},{\\\"questionId\\\":15,\\\"selectedType\\\":4},{\\\"questionId\\\":16,\\\"selectedType\\\":7},{\\\"questionId\\\":17,\\\"selectedType\\\":1},{\\\"questionId\\\":18,\\\"selectedType\\\":3},{\\\"questionId\\\":19,\\\"selectedType\\\":2},{\\\"questionId\\\":20,\\\"selectedType\\\":4},{\\\"questionId\\\":21,\\\"selectedType\\\":3},{\\\"questionId\\\":22,\\\"selectedType\\\":8},{\\\"questionId\\\":23,\\\"selectedType\\\":2},{\\\"questionId\\\":24,\\\"selectedType\\\":7},{\\\"questionId\\\":25,\\\"selectedType\\\":4},{\\\"questionId\\\":26,\\\"selectedType\\\":1},{\\\"questionId\\\":27,\\\"selectedType\\\":3},{\\\"questionId\\\":28,\\\"selectedType\\\":8},{\\\"questionId\\\":29,\\\"selectedType\\\":7},{\\\"questionId\\\":30,\\\"selectedType\\\":9},{\\\"questionId\\\":31,\\\"selectedType\\\":1},{\\\"questionId\\\":32,\\\"selectedType\\\":8},{\\\"questionId\\\":33,\\\"selectedType\\\":7},{\\\"questionId\\\":34,\\\"selectedType\\\":1},{\\\"questionId\\\":35,\\\"selectedType\\\":7},{\\\"questionId\\\":36,\\\"selectedType\\\":3},{\\\"questionId\\\":37,\\\"selectedType\\\":2},{\\\"questionId\\\":38,\\\"selectedType\\\":1},{\\\"questionId\\\":39,\\\"selectedType\\\":3},{\\\"questionId\\\":40,\\\"selectedType\\\":8},{\\\"questionId\\\":41,\\\"selectedType\\\":5},{\\\"questionId\\\":42,\\\"selectedType\\\":1},{\\\"questionId\\\":43,\\\"selectedType\\\":7},{\\\"questionId\\\":44,\\\"selectedType\\\":6},{\\\"questionId\\\":45,\\\"selectedType\\\":9},{\\\"questionId\\\":46,\\\"selectedType\\\":5},{\\\"questionId\\\":47,\\\"selectedType\\\":8},{\\\"questionId\\\":48,\\\"selectedType\\\":2},{\\\"questionId\\\":49,\\\"selectedType\\\":6},{\\\"questionId\\\":50,\\\"selectedType\\\":5},{\\\"questionId\\\":51,\\\"selectedType\\\":8},{\\\"questionId\\\":52,\\\"selectedType\\\":2},{\\\"questionId\\\":53,\\\"selectedType\\\":6},{\\\"questionId\\\":54,\\\"selectedType\\\":5},{\\\"questionId\\\":55,\\\"selectedType\\\":2},{\\\"questionId\\\":56,\\\"selectedType\\\":4},{\\\"questionId\\\":57,\\\"selectedType\\\":7},{\\\"questionId\\\":58,\\\"selectedType\\\":1},{\\\"questionId\\\":59,\\\"selectedType\\\":5},{\\\"questionId\\\":60,\\\"selectedType\\\":7},{\\\"questionId\\\":61,\\\"selectedType\\\":5},{\\\"questionId\\\":62,\\\"selectedType\\\":9},{\\\"questionId\\\":63,\\\"selectedType\\\":3},{\\\"questionId\\\":64,\\\"selectedType\\\":5},{\\\"questionId\\\":65,\\\"selectedType\\\":6},{\\\"questionId\\\":66,\\\"selectedType\\\":9},{\\\"questionId\\\":67,\\\"selectedType\\\":1},{\\\"questionId\\\":68,\\\"selectedType\\\":7},{\\\"questionId\\\":69,\\\"selectedType\\\":7},{\\\"questionId\\\":70,\\\"selectedType\\\":1},{\\\"questionId\\\":71,\\\"selectedType\\\":9},{\\\"questionId\\\":72,\\\"selectedType\\\":8},{\\\"questionId\\\":73,\\\"selectedType\\\":2},{\\\"questionId\\\":74,\\\"selectedType\\\":6},{\\\"questionId\\\":75,\\\"selectedType\\\":4},{\\\"questionId\\\":76,\\\"selectedType\\\":8},{\\\"questionId\\\":77,\\\"selectedType\\\":5},{\\\"questionId\\\":78,\\\"selectedType\\\":1},{\\\"questionId\\\":79,\\\"selectedType\\\":6},{\\\"questionId\\\":80,\\\"selectedType\\\":8},{\\\"questionId\\\":81,\\\"selectedType\\\":3},{\\\"questionId\\\":82,\\\"selectedType\\\":1},{\\\"questionId\\\":83,\\\"selectedType\\\":8},{\\\"questionId\\\":84,\\\"selectedType\\\":4},{\\\"questionId\\\":85,\\\"selectedType\\\":3},{\\\"questionId\\\":86,\\\"selectedType\\\":9},{\\\"questionId\\\":87,\\\"selectedType\\\":9},{\\\"questionId\\\":88,\\\"selectedType\\\":7},{\\\"questionId\\\":89,\\\"selectedType\\\":6},{\\\"questionId\\\":90,\\\"selectedType\\\":3},{\\\"questionId\\\":91,\\\"selectedType\\\":9},{\\\"questionId\\\":92,\\\"selectedType\\\":4},{\\\"questionId\\\":93,\\\"selectedType\\\":7},{\\\"questionId\\\":94,\\\"selectedType\\\":1},{\\\"questionId\\\":95,\\\"selectedType\\\":5},{\\\"questionId\\\":96,\\\"selectedType\\\":7},{\\\"questionId\\\":97,\\\"selectedType\\\":4},{\\\"questionId\\\":98,\\\"selectedType\\\":9},{\\\"questionId\\\":99,\\\"selectedType\\\":2},{\\\"questionId\\\":100,\\\"selectedType\\\":5},{\\\"questionId\\\":101,\\\"selectedType\\\":7},{\\\"questionId\\\":102,\\\"selectedType\\\":9},{\\\"questionId\\\":103,\\\"selectedType\\\":1},{\\\"questionId\\\":104,\\\"selectedType\\\":8},{\\\"questionId\\\":105,\\\"selectedType\\\":7},{\\\"questionId\\\":106,\\\"selectedType\\\":4},{\\\"questionId\\\":107,\\\"selectedType\\\":9},{\\\"questionId\\\":108,\\\"selectedType\\\":8},{\\\"questionId\\\":109,\\\"selectedType\\\":2},{\\\"questionId\\\":110,\\\"selectedType\\\":1},{\\\"questionId\\\":111,\\\"selectedType\\\":4},{\\\"questionId\\\":112,\\\"selectedType\\\":8},{\\\"questionId\\\":113,\\\"selectedType\\\":5},{\\\"questionId\\\":114,\\\"selectedType\\\":1},{\\\"questionId\\\":115,\\\"selectedType\\\":4},{\\\"questionId\\\":116,\\\"selectedType\\\":6},{\\\"questionId\\\":117,\\\"selectedType\\\":9},{\\\"questionId\\\":118,\\\"selectedType\\\":5},{\\\"questionId\\\":119,\\\"selectedType\\\":8},{\\\"questionId\\\":120,\\\"selectedType\\\":4},{\\\"questionId\\\":121,\\\"selectedType\\\":6},{\\\"questionId\\\":122,\\\"selectedType\\\":4},{\\\"questionId\\\":123,\\\"selectedType\\\":8},{\\\"questionId\\\":124,\\\"selectedType\\\":7},{\\\"questionId\\\":125,\\\"selectedType\\\":1},{\\\"questionId\\\":126,\\\"selectedType\\\":3},{\\\"questionId\\\":127,\\\"selectedType\\\":9},{\\\"questionId\\\":128,\\\"selectedType\\\":6},{\\\"questionId\\\":129,\\\"selectedType\\\":3},{\\\"questionId\\\":130,\\\"selectedType\\\":8},{\\\"questionId\\\":131,\\\"selectedType\\\":2},{\\\"questionId\\\":132,\\\"selectedType\\\":9},{\\\"questionId\\\":133,\\\"selectedType\\\":4},{\\\"questionId\\\":134,\\\"selectedType\\\":9},{\\\"questionId\\\":135,\\\"selectedType\\\":3},{\\\"questionId\\\":136,\\\"selectedType\\\":5},{\\\"questionId\\\":137,\\\"selectedType\\\":6},{\\\"questionId\\\":138,\\\"selectedType\\\":9},{\\\"questionId\\\":139,\\\"selectedType\\\":3},{\\\"questionId\\\":140,\\\"selectedType\\\":8},{\\\"questionId\\\":141,\\\"selectedType\\\":5},{\\\"questionId\\\":142,\\\"selectedType\\\":4},{\\\"questionId\\\":143,\\\"selectedType\\\":9},{\\\"questionId\\\":144,\\\"selectedType\\\":8}]\"','{\"top3\": [8, 7, 9], \"rawScores\": {\"1\": 17, \"2\": 12, \"3\": 14, \"4\": 16, \"5\": 14, \"6\": 13, \"7\": 20, \"8\": 19, \"9\": 19}, \"percentages\": {\"1\": 0.5484, \"2\": 0.3636, \"3\": 0.4667, \"4\": 0.4848, \"5\": 0.4, \"6\": 0.4333, \"7\": 0.625, \"8\": 0.6333, \"9\": 0.5588}, \"primaryType\": 8, \"matchableOppositeCount\": 9, \"matchableOppositeTypes\": [3, 4, 9, 1, 2, 5, 6, 7, 8]}','{\"1\": 17, \"2\": 12, \"3\": 14, \"4\": 16, \"5\": 14, \"6\": 13, \"7\": 20, \"8\": 19, \"9\": 19}',1,'2026-01-21 11:06:23','2026-01-21 11:06:23'),(23,'XFL00150421',1,'\"[{\\\"questionId\\\":1,\\\"selectedType\\\":2},{\\\"questionId\\\":2,\\\"selectedType\\\":1},{\\\"questionId\\\":3,\\\"selectedType\\\":3},{\\\"questionId\\\":4,\\\"selectedType\\\":9},{\\\"questionId\\\":5,\\\"selectedType\\\":5},{\\\"questionId\\\":6,\\\"selectedType\\\":2},{\\\"questionId\\\":7,\\\"selectedType\\\":4},{\\\"questionId\\\":8,\\\"selectedType\\\":7},{\\\"questionId\\\":9,\\\"selectedType\\\":3},{\\\"questionId\\\":10,\\\"selectedType\\\":5},{\\\"questionId\\\":11,\\\"selectedType\\\":8},{\\\"questionId\\\":12,\\\"selectedType\\\":2},{\\\"questionId\\\":13,\\\"selectedType\\\":3},{\\\"questionId\\\":14,\\\"selectedType\\\":9},{\\\"questionId\\\":15,\\\"selectedType\\\":8},{\\\"questionId\\\":16,\\\"selectedType\\\":2},{\\\"questionId\\\":17,\\\"selectedType\\\":1},{\\\"questionId\\\":18,\\\"selectedType\\\":3},{\\\"questionId\\\":19,\\\"selectedType\\\":2},{\\\"questionId\\\":20,\\\"selectedType\\\":4},{\\\"questionId\\\":21,\\\"selectedType\\\":7},{\\\"questionId\\\":22,\\\"selectedType\\\":8},{\\\"questionId\\\":23,\\\"selectedType\\\":6},{\\\"questionId\\\":24,\\\"selectedType\\\":9},{\\\"questionId\\\":25,\\\"selectedType\\\":4},{\\\"questionId\\\":26,\\\"selectedType\\\":1},{\\\"questionId\\\":27,\\\"selectedType\\\":3},{\\\"questionId\\\":28,\\\"selectedType\\\":5},{\\\"questionId\\\":29,\\\"selectedType\\\":7},{\\\"questionId\\\":30,\\\"selectedType\\\":9},{\\\"questionId\\\":31,\\\"selectedType\\\":1},{\\\"questionId\\\":32,\\\"selectedType\\\":2},{\\\"questionId\\\":33,\\\"selectedType\\\":5},{\\\"questionId\\\":34,\\\"selectedType\\\":1},{\\\"questionId\\\":35,\\\"selectedType\\\":9},{\\\"questionId\\\":36,\\\"selectedType\\\":3},{\\\"questionId\\\":37,\\\"selectedType\\\":5},{\\\"questionId\\\":38,\\\"selectedType\\\":1},{\\\"questionId\\\":39,\\\"selectedType\\\":3},{\\\"questionId\\\":40,\\\"selectedType\\\":8},{\\\"questionId\\\":41,\\\"selectedType\\\":6},{\\\"questionId\\\":42,\\\"selectedType\\\":2},{\\\"questionId\\\":43,\\\"selectedType\\\":4},{\\\"questionId\\\":44,\\\"selectedType\\\":6},{\\\"questionId\\\":45,\\\"selectedType\\\":9},{\\\"questionId\\\":46,\\\"selectedType\\\":5},{\\\"questionId\\\":47,\\\"selectedType\\\":8},{\\\"questionId\\\":48,\\\"selectedType\\\":4},{\\\"questionId\\\":49,\\\"selectedType\\\":6},{\\\"questionId\\\":50,\\\"selectedType\\\":5},{\\\"questionId\\\":51,\\\"selectedType\\\":8},{\\\"questionId\\\":52,\\\"selectedType\\\":7},{\\\"questionId\\\":53,\\\"selectedType\\\":6},{\\\"questionId\\\":54,\\\"selectedType\\\":3},{\\\"questionId\\\":55,\\\"selectedType\\\":2},{\\\"questionId\\\":56,\\\"selectedType\\\":6},{\\\"questionId\\\":57,\\\"selectedType\\\":3},{\\\"questionId\\\":58,\\\"selectedType\\\":8},{\\\"questionId\\\":59,\\\"selectedType\\\":2},{\\\"questionId\\\":60,\\\"selectedType\\\":9},{\\\"questionId\\\":61,\\\"selectedType\\\":5},{\\\"questionId\\\":62,\\\"selectedType\\\":1},{\\\"questionId\\\":63,\\\"selectedType\\\":3},{\\\"questionId\\\":64,\\\"selectedType\\\":8},{\\\"questionId\\\":65,\\\"selectedType\\\":7},{\\\"questionId\\\":66,\\\"selectedType\\\":9},{\\\"questionId\\\":67,\\\"selectedType\\\":3},{\\\"questionId\\\":68,\\\"selectedType\\\":2},{\\\"questionId\\\":69,\\\"selectedType\\\":5},{\\\"questionId\\\":70,\\\"selectedType\\\":1},{\\\"questionId\\\":71,\\\"selectedType\\\":9},{\\\"questionId\\\":72,\\\"selectedType\\\":8},{\\\"questionId\\\":73,\\\"selectedType\\\":2},{\\\"questionId\\\":74,\\\"selectedType\\\":1},{\\\"questionId\\\":75,\\\"selectedType\\\":4},{\\\"questionId\\\":76,\\\"selectedType\\\":9},{\\\"questionId\\\":77,\\\"selectedType\\\":6},{\\\"questionId\\\":78,\\\"selectedType\\\":2},{\\\"questionId\\\":79,\\\"selectedType\\\":6},{\\\"questionId\\\":80,\\\"selectedType\\\":6},{\\\"questionId\\\":81,\\\"selectedType\\\":9},{\\\"questionId\\\":82,\\\"selectedType\\\":1},{\\\"questionId\\\":83,\\\"selectedType\\\":8},{\\\"questionId\\\":84,\\\"selectedType\\\":4},{\\\"questionId\\\":85,\\\"selectedType\\\":3},{\\\"questionId\\\":86,\\\"selectedType\\\":9},{\\\"questionId\\\":87,\\\"selectedType\\\":8},{\\\"questionId\\\":88,\\\"selectedType\\\":2},{\\\"questionId\\\":89,\\\"selectedType\\\":6},{\\\"questionId\\\":90,\\\"selectedType\\\":5},{\\\"questionId\\\":91,\\\"selectedType\\\":9},{\\\"questionId\\\":92,\\\"selectedType\\\":6},{\\\"questionId\\\":93,\\\"selectedType\\\":7},{\\\"questionId\\\":94,\\\"selectedType\\\":1},{\\\"questionId\\\":95,\\\"selectedType\\\":2},{\\\"questionId\\\":96,\\\"selectedType\\\":7},{\\\"questionId\\\":97,\\\"selectedType\\\":4},{\\\"questionId\\\":98,\\\"selectedType\\\":9},{\\\"questionId\\\":99,\\\"selectedType\\\":2},{\\\"questionId\\\":100,\\\"selectedType\\\":5},{\\\"questionId\\\":101,\\\"selectedType\\\":7},{\\\"questionId\\\":102,\\\"selectedType\\\":9},{\\\"questionId\\\":103,\\\"selectedType\\\":4},{\\\"questionId\\\":104,\\\"selectedType\\\":2},{\\\"questionId\\\":105,\\\"selectedType\\\":7},{\\\"questionId\\\":106,\\\"selectedType\\\":4},{\\\"questionId\\\":107,\\\"selectedType\\\":6},{\\\"questionId\\\":108,\\\"selectedType\\\":3},{\\\"questionId\\\":109,\\\"selectedType\\\":5},{\\\"questionId\\\":110,\\\"selectedType\\\":1},{\\\"questionId\\\":111,\\\"selectedType\\\":3},{\\\"questionId\\\":112,\\\"selectedType\\\":8},{\\\"questionId\\\":113,\\\"selectedType\\\":5},{\\\"questionId\\\":114,\\\"selectedType\\\":2},{\\\"questionId\\\":115,\\\"selectedType\\\":7},{\\\"questionId\\\":116,\\\"selectedType\\\":8},{\\\"questionId\\\":117,\\\"selectedType\\\":9},{\\\"questionId\\\":118,\\\"selectedType\\\":5},{\\\"questionId\\\":119,\\\"selectedType\\\":7},{\\\"questionId\\\":120,\\\"selectedType\\\":4},{\\\"questionId\\\":121,\\\"selectedType\\\":6},{\\\"questionId\\\":122,\\\"selectedType\\\":9},{\\\"questionId\\\":123,\\\"selectedType\\\":8},{\\\"questionId\\\":124,\\\"selectedType\\\":2},{\\\"questionId\\\":125,\\\"selectedType\\\":6},{\\\"questionId\\\":126,\\\"selectedType\\\":5},{\\\"questionId\\\":127,\\\"selectedType\\\":2},{\\\"questionId\\\":128,\\\"selectedType\\\":4},{\\\"questionId\\\":129,\\\"selectedType\\\":7},{\\\"questionId\\\":130,\\\"selectedType\\\":1},{\\\"questionId\\\":131,\\\"selectedType\\\":2},{\\\"questionId\\\":132,\\\"selectedType\\\":7},{\\\"questionId\\\":133,\\\"selectedType\\\":4},{\\\"questionId\\\":134,\\\"selectedType\\\":1},{\\\"questionId\\\":135,\\\"selectedType\\\":2},{\\\"questionId\\\":136,\\\"selectedType\\\":8},{\\\"questionId\\\":137,\\\"selectedType\\\":7},{\\\"questionId\\\":138,\\\"selectedType\\\":4},{\\\"questionId\\\":139,\\\"selectedType\\\":3},{\\\"questionId\\\":140,\\\"selectedType\\\":2},{\\\"questionId\\\":141,\\\"selectedType\\\":5},{\\\"questionId\\\":142,\\\"selectedType\\\":1},{\\\"questionId\\\":143,\\\"selectedType\\\":9},{\\\"questionId\\\":144,\\\"selectedType\\\":3}]\"','{\"top3\": [2, 3, 9], \"rawScores\": {\"1\": 15, \"2\": 22, \"3\": 16, \"4\": 14, \"5\": 16, \"6\": 14, \"7\": 14, \"8\": 15, \"9\": 18}, \"percentages\": {\"1\": 0.4839, \"2\": 0.6667, \"3\": 0.5333, \"4\": 0.4242, \"5\": 0.4571, \"6\": 0.4667, \"7\": 0.4375, \"8\": 0.5, \"9\": 0.5294}, \"primaryType\": 2, \"matchableOppositeCount\": 8, \"matchableOppositeTypes\": [8, 1, 4, 6, 3, 5, 7, 9]}','{\"1\": 15, \"2\": 22, \"3\": 16, \"4\": 14, \"5\": 16, \"6\": 14, \"7\": 14, \"8\": 15, \"9\": 18}',1,'2026-01-22 22:39:44','2026-01-22 22:39:44'),(24,'XFL00150421',2,'\"[\\\"A2\\\",\\\"A5\\\",\\\"A8\\\",\\\"A11\\\",\\\"A12\\\",\\\"B1\\\",\\\"B3\\\",\\\"B4\\\",\\\"B5\\\",\\\"B11\\\",\\\"C1\\\",\\\"C3\\\",\\\"C5\\\",\\\"C6\\\",\\\"C8\\\"]\"','{\"type\": \"紊乱型\", \"typeLabel\": \"矛盾纠结型\", \"description\": \"既极度渴望亲密、害怕被抛弃，又极度抗拒亲密、害怕被伤害\", \"anxietyScore\": 5, \"securityScore\": 5, \"avoidanceScore\": 5}','{\"A\": 5, \"B\": 5, \"C\": 5}',1,'2026-01-22 22:41:57','2026-01-22 22:41:57'),(25,'XFL00150421',3,'\"[{\\\"questionId\\\":\\\"D1-Q1\\\",\\\"score\\\":5},{\\\"questionId\\\":\\\"D1-Q2\\\",\\\"score\\\":3},{\\\"questionId\\\":\\\"D1-Q3\\\",\\\"score\\\":3},{\\\"questionId\\\":\\\"D1-Q4\\\",\\\"score\\\":4},{\\\"questionId\\\":\\\"D1-Q5\\\",\\\"score\\\":3},{\\\"questionId\\\":\\\"D1-Q6\\\",\\\"score\\\":3},{\\\"questionId\\\":\\\"D1-Q7\\\",\\\"score\\\":3},{\\\"questionId\\\":\\\"D1-Q8\\\",\\\"score\\\":3},{\\\"questionId\\\":\\\"D1-Q9\\\",\\\"score\\\":3},{\\\"questionId\\\":\\\"D1-Q10\\\",\\\"score\\\":3},{\\\"questionId\\\":\\\"D1-Q11\\\",\\\"score\\\":3},{\\\"questionId\\\":\\\"D1-Q12\\\",\\\"score\\\":2},{\\\"questionId\\\":\\\"D1-Q13\\\",\\\"score\\\":3},{\\\"questionId\\\":\\\"D1-Q14\\\",\\\"score\\\":4},{\\\"questionId\\\":\\\"D1-Q15\\\",\\\"score\\\":3},{\\\"questionId\\\":\\\"D1-Q16\\\",\\\"score\\\":3},{\\\"questionId\\\":\\\"D1-Q17\\\",\\\"score\\\":3},{\\\"questionId\\\":\\\"D1-Q18\\\",\\\"score\\\":3},{\\\"questionId\\\":\\\"D1-Q19\\\",\\\"score\\\":3},{\\\"questionId\\\":\\\"D1-Q20\\\",\\\"score\\\":5},{\\\"questionId\\\":\\\"D1-Q21\\\",\\\"score\\\":3},{\\\"questionId\\\":\\\"D1-Q22\\\",\\\"score\\\":3},{\\\"questionId\\\":\\\"D1-Q23\\\",\\\"score\\\":4},{\\\"questionId\\\":\\\"D1-Q24\\\",\\\"score\\\":3},{\\\"questionId\\\":\\\"D2-Q1\\\",\\\"score\\\":4},{\\\"questionId\\\":\\\"D2-Q2\\\",\\\"score\\\":3},{\\\"questionId\\\":\\\"D2-Q3\\\",\\\"score\\\":3},{\\\"questionId\\\":\\\"D2-Q4\\\",\\\"score\\\":3},{\\\"questionId\\\":\\\"D3-Q1\\\",\\\"score\\\":4},{\\\"questionId\\\":\\\"D3-Q2\\\",\\\"score\\\":6},{\\\"questionId\\\":\\\"D3-Q3\\\",\\\"score\\\":4},{\\\"questionId\\\":\\\"D4-Q1\\\",\\\"score\\\":4},{\\\"questionId\\\":\\\"D4-Q2\\\",\\\"score\\\":4},{\\\"questionId\\\":\\\"D4-Q3\\\",\\\"score\\\":3},{\\\"questionId\\\":\\\"D4-Q4\\\",\\\"score\\\":4},{\\\"questionId\\\":\\\"D5-Q1\\\",\\\"score\\\":4},{\\\"questionId\\\":\\\"D5-Q2\\\",\\\"score\\\":4},{\\\"questionId\\\":\\\"D5-Q3\\\",\\\"score\\\":4},{\\\"questionId\\\":\\\"D6-Q1\\\",\\\"score\\\":4},{\\\"questionId\\\":\\\"D6-Q2\\\",\\\"score\\\":5},{\\\"questionId\\\":\\\"D6-Q3\\\",\\\"score\\\":5},{\\\"questionId\\\":\\\"D7-Q1\\\",\\\"score\\\":2},{\\\"questionId\\\":\\\"D7-Q2\\\",\\\"score\\\":3},{\\\"questionId\\\":\\\"D7-Q3\\\",\\\"score\\\":4},{\\\"questionId\\\":\\\"D7-Q4\\\",\\\"score\\\":4},{\\\"questionId\\\":\\\"D7-Q5\\\",\\\"score\\\":4},{\\\"questionId\\\":\\\"D8-Q1\\\",\\\"score\\\":4},{\\\"questionId\\\":\\\"D8-Q2\\\",\\\"score\\\":1},{\\\"questionId\\\":\\\"D8-Q3\\\",\\\"score\\\":3},{\\\"questionId\\\":\\\"D8-Q4\\\",\\\"score\\\":2},{\\\"questionId\\\":\\\"D8-Q5\\\",\\\"score\\\":4},{\\\"questionId\\\":\\\"D9-Q1\\\",\\\"score\\\":4},{\\\"questionId\\\":\\\"D9-Q2\\\",\\\"score\\\":4},{\\\"questionId\\\":\\\"D9-Q3\\\",\\\"score\\\":4},{\\\"questionId\\\":\\\"D9-Q4\\\",\\\"score\\\":4},{\\\"questionId\\\":\\\"D9-Q5\\\",\\\"score\\\":1},{\\\"questionId\\\":\\\"D10-Q1\\\",\\\"score\\\":4},{\\\"questionId\\\":\\\"D10-Q2\\\",\\\"score\\\":4},{\\\"questionId\\\":\\\"D11-Q1\\\",\\\"score\\\":4},{\\\"questionId\\\":\\\"D11-Q2\\\",\\\"score\\\":4},{\\\"questionId\\\":\\\"D11-Q3\\\",\\\"score\\\":1},{\\\"questionId\\\":\\\"D11-Q4\\\",\\\"score\\\":4},{\\\"questionId\\\":\\\"D11-Q5\\\",\\\"score\\\":1},{\\\"questionId\\\":\\\"D11-Q6\\\",\\\"score\\\":4},{\\\"questionId\\\":\\\"D11-Q7\\\",\\\"score\\\":4},{\\\"questionId\\\":\\\"D11-Q8\\\",\\\"score\\\":4},{\\\"questionId\\\":\\\"D11-Q9\\\",\\\"score\\\":2},{\\\"questionId\\\":\\\"D11-Q10\\\",\\\"score\\\":2},{\\\"questionId\\\":\\\"D12-Q1\\\",\\\"score\\\":4},{\\\"questionId\\\":\\\"D12-Q2\\\",\\\"score\\\":4},{\\\"questionId\\\":\\\"D12-Q3\\\",\\\"score\\\":4},{\\\"questionId\\\":\\\"D12-Q4\\\",\\\"score\\\":4},{\\\"questionId\\\":\\\"D12-Q5\\\",\\\"score\\\":4},{\\\"questionId\\\":\\\"D12-Q6\\\",\\\"score\\\":4},{\\\"questionId\\\":\\\"D12-Q7\\\",\\\"score\\\":4},{\\\"questionId\\\":\\\"D12-Q8\\\",\\\"score\\\":4},{\\\"questionId\\\":\\\"D12-Q9\\\",\\\"score\\\":4},{\\\"questionId\\\":\\\"D12-Q10\\\",\\\"score\\\":4},{\\\"questionId\\\":\\\"D12-Q11\\\",\\\"score\\\":4},{\\\"questionId\\\":\\\"D12-Q12\\\",\\\"score\\\":4},{\\\"questionId\\\":\\\"D12-Q13\\\",\\\"score\\\":4},{\\\"questionId\\\":\\\"D12-Q14\\\",\\\"score\\\":4},{\\\"questionId\\\":\\\"D12-Q15\\\",\\\"score\\\":4},{\\\"questionId\\\":\\\"D12-Q16\\\",\\\"score\\\":5},{\\\"questionId\\\":\\\"D12-Q17\\\",\\\"score\\\":4},{\\\"questionId\\\":\\\"D12-Q18\\\",\\\"score\\\":4},{\\\"questionId\\\":\\\"D12-Q19\\\",\\\"score\\\":4},{\\\"questionId\\\":\\\"D12-Q20\\\",\\\"score\\\":4},{\\\"questionId\\\":\\\"D12-Q21\\\",\\\"score\\\":4},{\\\"questionId\\\":\\\"D12-Q22\\\",\\\"score\\\":4},{\\\"questionId\\\":\\\"D12-Q23\\\",\\\"score\\\":4},{\\\"questionId\\\":\\\"D13-Q1\\\",\\\"score\\\":5},{\\\"questionId\\\":\\\"D13-Q2\\\",\\\"score\\\":5},{\\\"questionId\\\":\\\"D13-Q3\\\",\\\"score\\\":5},{\\\"questionId\\\":\\\"D13-Q4\\\",\\\"score\\\":5},{\\\"questionId\\\":\\\"D13-Q5\\\",\\\"score\\\":5},{\\\"questionId\\\":\\\"D14-Q1\\\",\\\"score\\\":3},{\\\"questionId\\\":\\\"D14-Q2\\\",\\\"score\\\":3},{\\\"questionId\\\":\\\"D14-Q3\\\",\\\"score\\\":3},{\\\"questionId\\\":\\\"D14-Q4\\\",\\\"score\\\":3},{\\\"questionId\\\":\\\"D14-Q5\\\",\\\"score\\\":3},{\\\"questionId\\\":\\\"D14-Q6\\\",\\\"score\\\":3},{\\\"questionId\\\":\\\"D14-Q7\\\",\\\"score\\\":4},{\\\"questionId\\\":\\\"D14-Q8\\\",\\\"score\\\":3},{\\\"questionId\\\":\\\"D14-Q9\\\",\\\"score\\\":3},{\\\"questionId\\\":\\\"D14-Q10\\\",\\\"score\\\":2},{\\\"questionId\\\":\\\"D14-Q11\\\",\\\"score\\\":4},{\\\"questionId\\\":\\\"D14-Q12\\\",\\\"score\\\":3},{\\\"questionId\\\":\\\"D15-Q1\\\",\\\"score\\\":3},{\\\"questionId\\\":\\\"D15-Q2\\\",\\\"score\\\":3},{\\\"questionId\\\":\\\"D15-Q3\\\",\\\"score\\\":2},{\\\"questionId\\\":\\\"D15-Q4\\\",\\\"score\\\":3},{\\\"questionId\\\":\\\"D15-Q5\\\",\\\"score\\\":3},{\\\"questionId\\\":\\\"D15-Q6\\\",\\\"score\\\":3},{\\\"questionId\\\":\\\"D15-Q7\\\",\\\"score\\\":3},{\\\"questionId\\\":\\\"D15-Q8\\\",\\\"score\\\":3},{\\\"questionId\\\":\\\"D15-Q9\\\",\\\"score\\\":4},{\\\"questionId\\\":\\\"D16-Q1\\\",\\\"score\\\":3},{\\\"questionId\\\":\\\"D16-Q2\\\",\\\"score\\\":4},{\\\"questionId\\\":\\\"D16-Q3\\\",\\\"score\\\":3},{\\\"questionId\\\":\\\"D16-Q4\\\",\\\"score\\\":3},{\\\"questionId\\\":\\\"D16-Q5\\\",\\\"score\\\":3},{\\\"questionId\\\":\\\"D16-Q6\\\",\\\"score\\\":3},{\\\"questionId\\\":\\\"D16-Q7\\\",\\\"score\\\":3},{\\\"questionId\\\":\\\"D16-Q8\\\",\\\"score\\\":3},{\\\"questionId\\\":\\\"D16-Q9\\\",\\\"score\\\":3},{\\\"questionId\\\":\\\"D16-Q10\\\",\\\"score\\\":3},{\\\"questionId\\\":\\\"D17-Q1\\\",\\\"score\\\":3},{\\\"questionId\\\":\\\"D17-Q2\\\",\\\"score\\\":3},{\\\"questionId\\\":\\\"D17-Q3\\\",\\\"score\\\":3},{\\\"questionId\\\":\\\"D18-Q1\\\",\\\"score\\\":2},{\\\"questionId\\\":\\\"D18-Q2\\\",\\\"score\\\":2},{\\\"questionId\\\":\\\"D18-Q3\\\",\\\"score\\\":2},{\\\"questionId\\\":\\\"D18-Q4\\\",\\\"score\\\":3},{\\\"questionId\\\":\\\"D18-Q5\\\",\\\"score\\\":3},{\\\"questionId\\\":\\\"D18-Q6\\\",\\\"score\\\":3},{\\\"questionId\\\":\\\"D18-Q7\\\",\\\"score\\\":3},{\\\"questionId\\\":\\\"D18-Q8\\\",\\\"score\\\":3},{\\\"questionId\\\":\\\"D18-Q9\\\",\\\"score\\\":3},{\\\"questionId\\\":\\\"D18-Q10\\\",\\\"score\\\":3},{\\\"questionId\\\":\\\"D19-Q1\\\",\\\"score\\\":3},{\\\"questionId\\\":\\\"D19-Q2\\\",\\\"score\\\":4},{\\\"questionId\\\":\\\"D19-Q3\\\",\\\"score\\\":4},{\\\"questionId\\\":\\\"D19-Q4\\\",\\\"score\\\":4},{\\\"questionId\\\":\\\"D20-Q1\\\",\\\"score\\\":3},{\\\"questionId\\\":\\\"D20-Q2\\\",\\\"score\\\":3},{\\\"questionId\\\":\\\"D20-Q3\\\",\\\"score\\\":3},{\\\"questionId\\\":\\\"D20-Q4\\\",\\\"score\\\":3},{\\\"questionId\\\":\\\"D20-Q5\\\",\\\"score\\\":2},{\\\"questionId\\\":\\\"D20-Q6\\\",\\\"score\\\":3},{\\\"questionId\\\":\\\"D20-Q7\\\",\\\"score\\\":3},{\\\"questionId\\\":\\\"D20-Q8\\\",\\\"score\\\":3},{\\\"questionId\\\":\\\"D20-Q9\\\",\\\"score\\\":3},{\\\"questionId\\\":\\\"D20-Q10\\\",\\\"score\\\":4},{\\\"questionId\\\":\\\"D20-Q11\\\",\\\"score\\\":2},{\\\"questionId\\\":\\\"D20-Q12\\\",\\\"score\\\":2}]\"','{\"dimensions\": [{\"maxScore\": 120, \"rawScore\": 78, \"shortName\": \"乐商\", \"percentage\": 0.65, \"dimensionId\": 1, \"targetScore\": 10, \"dimensionName\": \"积极性格\", \"normalizedScore\": 6.5}, {\"maxScore\": 24, \"rawScore\": 13, \"shortName\": \"情商\", \"percentage\": 0.5417, \"dimensionId\": 2, \"targetScore\": 10, \"dimensionName\": \"积极情绪\", \"normalizedScore\": 5.42}, {\"maxScore\": 21, \"rawScore\": 14, \"shortName\": \"心商\", \"percentage\": 0.6667, \"dimensionId\": 3, \"targetScore\": 10, \"dimensionName\": \"积极心态\", \"normalizedScore\": 6.67}, {\"maxScore\": 16, \"rawScore\": 15, \"shortName\": \"施容\", \"percentage\": 0.9375, \"dimensionId\": 4, \"targetScore\": 10, \"dimensionName\": \"积极力量\", \"normalizedScore\": 9.38}, {\"maxScore\": 21, \"rawScore\": 12, \"shortName\": \"语商\", \"percentage\": 0.5714, \"dimensionId\": 5, \"targetScore\": 10, \"dimensionName\": \"积极语言\", \"normalizedScore\": 5.71}, {\"maxScore\": 15, \"rawScore\": 14, \"shortName\": \"施语\", \"percentage\": 0.9333, \"dimensionId\": 6, \"targetScore\": 10, \"dimensionName\": \"积极沟通\", \"normalizedScore\": 9.33}, {\"maxScore\": 25, \"rawScore\": 17, \"shortName\": \"素质\", \"percentage\": 0.68, \"dimensionId\": 7, \"targetScore\": 10, \"dimensionName\": \"积极教育\", \"normalizedScore\": 6.8}, {\"maxScore\": 20, \"rawScore\": 14, \"shortName\": \"管教\", \"percentage\": 0.7, \"dimensionId\": 8, \"targetScore\": 10, \"dimensionName\": \"积极教养\", \"normalizedScore\": 7}, {\"maxScore\": 25, \"rawScore\": 17, \"shortName\": \"自律\", \"percentage\": 0.68, \"dimensionId\": 9, \"targetScore\": 10, \"dimensionName\": \"积极习惯\", \"normalizedScore\": 6.8}, {\"maxScore\": 10, \"rawScore\": 8, \"shortName\": \"优势\", \"percentage\": 0.8, \"dimensionId\": 10, \"targetScore\": 10, \"dimensionName\": \"积极天赋\", \"normalizedScore\": 8}, {\"maxScore\": 40, \"rawScore\": 30, \"shortName\": \"修养\", \"percentage\": 0.75, \"dimensionId\": 11, \"targetScore\": 10, \"dimensionName\": \"积极自尊\", \"normalizedScore\": 7.5}, {\"maxScore\": 161, \"rawScore\": 93, \"shortName\": \"爱商\", \"percentage\": 0.5776, \"dimensionId\": 12, \"targetScore\": 10, \"dimensionName\": \"积极关系\", \"normalizedScore\": 5.78}, {\"maxScore\": 25, \"rawScore\": 25, \"shortName\": \"勇气\", \"percentage\": 1, \"dimensionId\": 13, \"targetScore\": 10, \"dimensionName\": \"积极改变\", \"normalizedScore\": 10}, {\"maxScore\": 32, \"rawScore\": 37, \"shortName\": \"希望\", \"percentage\": 1.1563, \"dimensionId\": 14, \"targetScore\": 10, \"dimensionName\": \"积极信念\", \"normalizedScore\": 11.56}, {\"maxScore\": 45, \"rawScore\": 27, \"shortName\": \"福流\", \"percentage\": 0.6, \"dimensionId\": 15, \"targetScore\": 10, \"dimensionName\": \"积极体验\", \"normalizedScore\": 6}, {\"maxScore\": 50, \"rawScore\": 31, \"shortName\": \"福商\", \"percentage\": 0.62, \"dimensionId\": 16, \"targetScore\": 10, \"dimensionName\": \"积极品质\", \"normalizedScore\": 6.2}, {\"maxScore\": 18, \"rawScore\": 9, \"shortName\": \"志商\", \"percentage\": 0.5, \"dimensionId\": 17, \"targetScore\": 10, \"dimensionName\": \"积极投入\", \"normalizedScore\": 5}, {\"maxScore\": 40, \"rawScore\": 27, \"shortName\": \"德商\", \"percentage\": 0.675, \"dimensionId\": 18, \"targetScore\": 10, \"dimensionName\": \"积极自我\", \"normalizedScore\": 6.75}, {\"maxScore\": 16, \"rawScore\": 15, \"shortName\": \"财商\", \"percentage\": 0.9375, \"dimensionId\": 19, \"targetScore\": 10, \"dimensionName\": \"积极目标\", \"normalizedScore\": 9.38}, {\"maxScore\": 48, \"rawScore\": 34, \"shortName\": \"健商\", \"percentage\": 0.7083, \"dimensionId\": 20, \"targetScore\": 10, \"dimensionName\": \"积极意义\", \"normalizedScore\": 7.08}], \"averageScore\": 7.34, \"totalMaxScore\": 772, \"totalRawScore\": 530}','{\"D1\": 78, \"D2\": 13, \"D3\": 14, \"D4\": 15, \"D5\": 12, \"D6\": 14, \"D7\": 17, \"D8\": 14, \"D9\": 17, \"D10\": 8, \"D11\": 30, \"D12\": 93, \"D13\": 25, \"D14\": 37, \"D15\": 27, \"D16\": 31, \"D17\": 9, \"D18\": 27, \"D19\": 15, \"D20\": 34}',1,'2026-01-22 23:00:26','2026-01-22 23:00:26');
/*!40000 ALTER TABLE `assessment_record` ENABLE KEYS */;
UNLOCK TABLES;

--
-- Table structure for table `attachment_config`
--

DROP TABLE IF EXISTS `attachment_config`;
/*!40101 SET @saved_cs_client     = @@character_set_client */;
/*!50503 SET character_set_client = utf8mb4 */;
CREATE TABLE `attachment_config` (
  `id` tinyint NOT NULL COMMENT '类型编号: 1-安全型, 2-焦虑型, 3-回避型, 4-紊乱型',
  `name` varchar(50) COLLATE utf8mb4_unicode_ci NOT NULL COMMENT '类型名称',
  `description` text COLLATE utf8mb4_unicode_ci COMMENT '类型描述',
  `traits` json DEFAULT NULL COMMENT '核心特质',
  `typical_behaviors` json DEFAULT NULL COMMENT '典型行为表现',
  `created_at` datetime DEFAULT CURRENT_TIMESTAMP,
  `updated_at` datetime DEFAULT CURRENT_TIMESTAMP ON UPDATE CURRENT_TIMESTAMP,
  PRIMARY KEY (`id`)
) ENGINE=InnoDB DEFAULT CHARSET=utf8mb4 COLLATE=utf8mb4_unicode_ci COMMENT='依恋类型配置表';
/*!40101 SET character_set_client = @saved_cs_client */;

--
-- Dumping data for table `attachment_config`
--

LOCK TABLES `attachment_config` WRITE;
/*!40000 ALTER TABLE `attachment_config` DISABLE KEYS */;
INSERT INTO `attachment_config` VALUES (1,'安全型依恋','能够建立稳定、信任的亲密关系','[\"信任他人\", \"情绪稳定\", \"善于沟通\", \"独立自主\"]','[\"愿意分享感受\", \"不过度依赖\", \"能给予对方空间\", \"冲突时能理性沟通\"]','2026-01-20 11:09:40','2026-01-20 11:09:40'),(2,'焦虑型依恋','过度担心被抛弃，需要不断的确认','[\"敏感多疑\", \"情绪波动大\", \"需要被认可\", \"害怕被抛弃\"]','[\"频繁查看消息\", \"需要持续关注\", \"容易吃醋\", \"对分离高度焦虑\"]','2026-01-20 11:09:40','2026-01-20 11:09:40'),(3,'回避型依恋','逃避亲密关系，保持情感距离','[\"独立性强\", \"不愿依赖他人\", \"压抑情感\", \"逃避承诺\"]','[\"不主动表达爱意\", \"需要大量个人空间\", \"避免深入交流\", \"关系紧张时选择逃避\"]','2026-01-20 11:09:40','2026-01-20 11:09:40'),(4,'紊乱型依恋','矛盾的依恋模式，既渴望又恐惧亲密','[\"矛盾心理\", \"情绪不稳定\", \"自我价值感低\", \"关系模式混乱\"]','[\"忽冷忽热\", \"主动接近又突然疏远\", \"难以信任他人\", \"冲突处理能力差\"]','2026-01-20 11:09:40','2026-01-20 11:09:40');
/*!40000 ALTER TABLE `attachment_config` ENABLE KEYS */;
UNLOCK TABLES;

--
-- Table structure for table `enneagram_config`
--

DROP TABLE IF EXISTS `enneagram_config`;
/*!40101 SET @saved_cs_client     = @@character_set_client */;
/*!50503 SET character_set_client = utf8mb4 */;
CREATE TABLE `enneagram_config` (
  `id` tinyint NOT NULL COMMENT '人格编号 1-9',
  `name` varchar(50) COLLATE utf8mb4_unicode_ci NOT NULL COMMENT '人格名称（如：完美主义者）',
  `title` varchar(100) COLLATE utf8mb4_unicode_ci NOT NULL COMMENT '副标题',
  `description` text COLLATE utf8mb4_unicode_ci COMMENT '详细描述',
  `traits` json DEFAULT NULL COMMENT '核心特质列表',
  `standard_score` int NOT NULL COMMENT '标准满分',
  `color` varchar(20) COLLATE utf8mb4_unicode_ci DEFAULT NULL COMMENT '展示颜色',
  `created_at` datetime DEFAULT CURRENT_TIMESTAMP,
  `updated_at` datetime DEFAULT CURRENT_TIMESTAMP ON UPDATE CURRENT_TIMESTAMP,
  PRIMARY KEY (`id`)
) ENGINE=InnoDB DEFAULT CHARSET=utf8mb4 COLLATE=utf8mb4_unicode_ci COMMENT='九型人格配置表';
/*!40101 SET character_set_client = @saved_cs_client */;

--
-- Dumping data for table `enneagram_config`
--

LOCK TABLES `enneagram_config` WRITE;
/*!40000 ALTER TABLE `enneagram_config` DISABLE KEYS */;
INSERT INTO `enneagram_config` VALUES (1,'完美主义者','改革者·理想主义','追求完美，有强烈的是非观念，注重原则和纪律',NULL,100,'#E74C3C','2026-01-20 11:09:40','2026-01-20 11:09:40'),(2,'助人者','给予者·博爱主义','热心助人，渴望被需要，关注他人需求',NULL,100,'#3498DB','2026-01-20 11:09:40','2026-01-20 11:09:40'),(3,'成就者','实干家·目标导向','追求成功，注重效率，善于展示自己',NULL,100,'#2ECC71','2026-01-20 11:09:40','2026-01-20 11:09:40'),(4,'浪漫主义者','艺术家·个性独特','情感丰富，追求独特性，艺术气质浓厚',NULL,100,'#9B59B6','2026-01-20 11:09:40','2026-01-20 11:09:40'),(5,'观察者','思考者·理性分析','喜欢思考，注重知识，保持客观冷静',NULL,100,'#1ABC9C','2026-01-20 11:09:40','2026-01-20 11:09:40'),(6,'忠诚者','怀疑论者·安全第一','忠诚可靠，注重安全感，有责任心',NULL,100,'#F39C12','2026-01-20 11:09:40','2026-01-20 11:09:40'),(7,'享乐主义者','冒险家·乐观派','乐观开朗，追求快乐，喜欢新鲜体验',NULL,100,'#E67E22','2026-01-20 11:09:40','2026-01-20 11:09:40'),(8,'挑战者','领导者·保护者','意志坚定，保护弱者，掌控力强',NULL,100,'#34495E','2026-01-20 11:09:40','2026-01-20 11:09:40'),(9,'和平主义者','调停者·和谐至上','随和平静，追求和谐，避免冲突',NULL,100,'#95A5A6','2026-01-20 11:09:40','2026-01-20 11:09:40');
/*!40000 ALTER TABLE `enneagram_config` ENABLE KEYS */;
UNLOCK TABLES;

--
-- Table structure for table `enneagram_match_matrix`
--

DROP TABLE IF EXISTS `enneagram_match_matrix`;
/*!40101 SET @saved_cs_client     = @@character_set_client */;
/*!50503 SET character_set_client = utf8mb4 */;
CREATE TABLE `enneagram_match_matrix` (
  `id` int NOT NULL AUTO_INCREMENT,
  `male_type` tinyint NOT NULL COMMENT '男方人格类型 1-9',
  `female_type` tinyint NOT NULL COMMENT '女方人格类型 1-9',
  `score` tinyint NOT NULL COMMENT '匹配得分: 1-适合, 0-中性, -1-互斥',
  `description` varchar(200) COLLATE utf8mb4_unicode_ci DEFAULT NULL COMMENT '匹配说明',
  `created_at` datetime DEFAULT CURRENT_TIMESTAMP,
  PRIMARY KEY (`id`),
  UNIQUE KEY `uk_match` (`male_type`,`female_type`)
) ENGINE=InnoDB DEFAULT CHARSET=utf8mb4 COLLATE=utf8mb4_unicode_ci COMMENT='九型人格匹配矩阵（9x9）';
/*!40101 SET character_set_client = @saved_cs_client */;

--
-- Dumping data for table `enneagram_match_matrix`
--

LOCK TABLES `enneagram_match_matrix` WRITE;
/*!40000 ALTER TABLE `enneagram_match_matrix` DISABLE KEYS */;
/*!40000 ALTER TABLE `enneagram_match_matrix` ENABLE KEYS */;
UNLOCK TABLES;

--
-- Table structure for table `happiness_dimension`
--

DROP TABLE IF EXISTS `happiness_dimension`;
/*!40101 SET @saved_cs_client     = @@character_set_client */;
/*!50503 SET character_set_client = utf8mb4 */;
CREATE TABLE `happiness_dimension` (
  `id` tinyint NOT NULL COMMENT '维度ID 1-20',
  `name` varchar(50) COLLATE utf8mb4_unicode_ci NOT NULL COMMENT '维度名称（如：积极性格）',
  `description` text COLLATE utf8mb4_unicode_ci COMMENT '维度说明',
  `color` varchar(20) COLLATE utf8mb4_unicode_ci NOT NULL COMMENT '展示颜色（HEX）',
  `sort_order` tinyint NOT NULL COMMENT '圆环中的排序位置',
  `max_score` decimal(4,2) DEFAULT '10.00' COMMENT '满分（默认10分）',
  `created_at` datetime DEFAULT CURRENT_TIMESTAMP,
  `updated_at` datetime DEFAULT CURRENT_TIMESTAMP ON UPDATE CURRENT_TIMESTAMP,
  PRIMARY KEY (`id`)
) ENGINE=InnoDB DEFAULT CHARSET=utf8mb4 COLLATE=utf8mb4_unicode_ci COMMENT='婚恋幸福力20维度配置表';
/*!40101 SET character_set_client = @saved_cs_client */;

--
-- Dumping data for table `happiness_dimension`
--

LOCK TABLES `happiness_dimension` WRITE;
/*!40000 ALTER TABLE `happiness_dimension` DISABLE KEYS */;
INSERT INTO `happiness_dimension` VALUES (1,'积极性格','乐观、开朗、自信的性格特质','#FF6B6B',1,10.00,'2026-01-20 11:09:40','2026-01-20 11:09:40'),(2,'积极情绪','体验和表达正面情绪的能力','#4ECDC4',2,10.00,'2026-01-20 11:09:40','2026-01-20 11:09:40'),(3,'积极沟通','有效表达和倾听的沟通能力','#45B7D1',3,10.00,'2026-01-20 11:09:40','2026-01-20 11:09:40'),(4,'积极关系','建立和维护良好人际关系的能力','#96CEB4',4,10.00,'2026-01-20 11:09:40','2026-01-20 11:09:40'),(5,'情绪调节','识别和管理自己情绪的能力','#FFEAA7',5,10.00,'2026-01-20 11:09:40','2026-01-20 11:09:40'),(6,'同理心','理解和感受他人情绪的能力','#DFE6E9',6,10.00,'2026-01-20 11:09:40','2026-01-20 11:09:40'),(7,'自我认知','了解自己优缺点和价值观','#A29BFE',7,10.00,'2026-01-20 11:09:40','2026-01-20 11:09:40'),(8,'自我接纳','接受真实自我的能力','#FD79A8',8,10.00,'2026-01-20 11:09:40','2026-01-20 11:09:40'),(9,'目标设定','设定合理目标并执行的能力','#FDCB6E',9,10.00,'2026-01-20 11:09:40','2026-01-20 11:09:40'),(10,'问题解决','面对困难时的应对和解决能力','#6C5CE7',10,10.00,'2026-01-20 11:09:40','2026-01-20 11:09:40'),(11,'责任感','对自己和他人负责的意识','#00B894',11,10.00,'2026-01-20 11:09:40','2026-01-20 11:09:40'),(12,'忠诚度','对关系的忠诚和承诺','#E17055',12,10.00,'2026-01-20 11:09:40','2026-01-20 11:09:40'),(13,'包容力','接纳差异、理解多样性的能力','#74B9FF',13,10.00,'2026-01-20 11:09:40','2026-01-20 11:09:40'),(14,'感恩心','珍惜和感激拥有的能力','#A29BFE',14,10.00,'2026-01-20 11:09:40','2026-01-20 11:09:40'),(15,'幽默感','用幽默化解紧张的能力','#FFEAA7',15,10.00,'2026-01-20 11:09:40','2026-01-20 11:09:40'),(16,'浪漫情怀','创造和享受浪漫的能力','#FF7675',16,10.00,'2026-01-20 11:09:40','2026-01-20 11:09:40'),(17,'性吸引力','身心健康和魅力的综合体现','#FD79A8',17,10.00,'2026-01-20 11:09:40','2026-01-20 11:09:40'),(18,'财务智商','理财和经济规划的能力','#00B894',18,10.00,'2026-01-20 11:09:40','2026-01-20 11:09:40'),(19,'家庭观念','对家庭责任和价值的认同','#FDCB6E',19,10.00,'2026-01-20 11:09:40','2026-01-20 11:09:40'),(20,'成长意愿','持续学习和自我提升的动力','#6C5CE7',20,10.00,'2026-01-20 11:09:40','2026-01-20 11:09:40');
/*!40000 ALTER TABLE `happiness_dimension` ENABLE KEYS */;
UNLOCK TABLES;

--
-- Table structure for table `match_batch`
--

DROP TABLE IF EXISTS `match_batch`;
/*!40101 SET @saved_cs_client     = @@character_set_client */;
/*!50503 SET character_set_client = utf8mb4 */;
CREATE TABLE `match_batch` (
  `id` bigint NOT NULL AUTO_INCREMENT COMMENT '批次ID',
  `store_id` char(6) COLLATE utf8mb4_unicode_ci NOT NULL COMMENT '门店ID（门店隔离）',
  `initiator_id` varchar(20) COLLATE utf8mb4_unicode_ci NOT NULL COMMENT '发起方用户ID',
  `filter_criteria` json DEFAULT NULL COMMENT '筛选条件快照',
  `created_by` varchar(20) COLLATE utf8mb4_unicode_ci DEFAULT NULL COMMENT '操作人（红娘ID）',
  `created_at` datetime NOT NULL DEFAULT CURRENT_TIMESTAMP COMMENT '匹配发起时间',
  PRIMARY KEY (`id`),
  KEY `idx_store_initiator` (`store_id`,`initiator_id`),
  KEY `idx_created_at` (`created_at`)
) ENGINE=InnoDB AUTO_INCREMENT=14 DEFAULT CHARSET=utf8mb4 COLLATE=utf8mb4_unicode_ci COMMENT='匹配批次表';
/*!40101 SET character_set_client = @saved_cs_client */;

--
-- Dumping data for table `match_batch`
--

LOCK TABLES `match_batch` WRITE;
/*!40000 ALTER TABLE `match_batch` DISABLE KEYS */;
INSERT INTO `match_batch` VALUES (1,'XFL001','XFL00100003','{\"ageMax\": 45, \"ageMin\": 16, \"heightMax\": 180, \"heightMin\": 110, \"educationMax\": \"985或更高\", \"educationMin\": \"大专以下\"}',NULL,'2026-01-20 12:32:43'),(2,'XFL001','XFL00100005','{\"ageMax\": 32, \"ageMin\": 12, \"heightMax\": 198, \"heightMin\": 111, \"educationMax\": \"985或更高\", \"educationMin\": \"大专以下\"}',NULL,'2026-01-20 12:39:57'),(3,'XFL001','XFL00167228','{}',NULL,'2026-01-20 16:28:24'),(4,'XFL001','XFL00150421','{\"ageMax\": 35, \"ageMin\": 35, \"heightMax\": 160, \"heightMin\": 160, \"educationMax\": \"普通一本\", \"educationMin\": \"普通一本\"}',NULL,'2026-01-20 16:43:19'),(5,'XFL001','XFL00150421','{\"ageMax\": 50, \"ageMin\": 15, \"heightMax\": 290, \"heightMin\": 160}',NULL,'2026-01-20 16:43:41'),(6,'XFL001','XFL00100001','{\"ageMax\": 32, \"ageMin\": 20, \"heightMax\": 165, \"heightMin\": 150}',NULL,'2026-01-20 17:36:51'),(7,'XFL001','XFL00150421','{\"ageMax\": 44, \"ageMin\": 34, \"heightMax\": 180, \"heightMin\": 170, \"educationMax\": \"985或更高\", \"educationMin\": \"大专\"}',NULL,'2026-01-20 18:32:15'),(8,'XFL001','XFL00150421','{}',NULL,'2026-01-20 18:32:41'),(9,'XFL001','XFL00133614','{\"ageMax\": 50, \"ageMin\": 40, \"heightMax\": 175, \"heightMin\": 168, \"educationMax\": \"985或更高\", \"educationMin\": \"大专以下\"}',NULL,'2026-01-20 18:59:42'),(10,'XFL001','XFL00133614','{\"ageMax\": 50, \"ageMin\": 30, \"educationMax\": \"985或更高\", \"educationMin\": \"大专以下\"}',NULL,'2026-01-20 19:00:14'),(11,'XFL001','XFL00150421','{}',NULL,'2026-01-22 23:16:26'),(12,'XFL001','XFL00167228','{}',NULL,'2026-01-23 09:53:29'),(13,'XFL001','XFL00133614','{\"ageMax\": 50, \"ageMin\": 30}',NULL,'2026-01-23 13:42:15');
/*!40000 ALTER TABLE `match_batch` ENABLE KEYS */;
UNLOCK TABLES;

--
-- Table structure for table `match_detail`
--

DROP TABLE IF EXISTS `match_detail`;
/*!40101 SET @saved_cs_client     = @@character_set_client */;
/*!50503 SET character_set_client = utf8mb4 */;
CREATE TABLE `match_detail` (
  `id` bigint NOT NULL AUTO_INCREMENT COMMENT '明细ID',
  `batch_id` bigint NOT NULL COMMENT '批次ID',
  `candidate_id` varchar(20) COLLATE utf8mb4_unicode_ci NOT NULL COMMENT '候选方用户ID',
  `mv_diff` decimal(4,2) DEFAULT NULL COMMENT 'MV分差',
  `is_mv_pass` tinyint DEFAULT NULL COMMENT 'MV是否通过: 1-通过, 0-不通过',
  `personality_match_score` int DEFAULT NULL COMMENT '九型人格匹配得分',
  `is_personality_pass` tinyint DEFAULT NULL COMMENT '九型人格是否通过: 1-通过, 0-不通过（一票否决）',
  `result_status` tinyint NOT NULL COMMENT '最终系统判定: 1-通过, 0-不通过',
  `match_data` json DEFAULT NULL COMMENT '匹配详情数据快照',
  PRIMARY KEY (`id`),
  KEY `idx_batch_id` (`batch_id`),
  KEY `idx_candidate_id` (`candidate_id`),
  CONSTRAINT `fk_detail_batch` FOREIGN KEY (`batch_id`) REFERENCES `match_batch` (`id`) ON DELETE CASCADE
) ENGINE=InnoDB AUTO_INCREMENT=38 DEFAULT CHARSET=utf8mb4 COLLATE=utf8mb4_unicode_ci COMMENT='匹配明细表';
/*!40101 SET character_set_client = @saved_cs_client */;

--
-- Dumping data for table `match_detail`
--

LOCK TABLES `match_detail` WRITE;
/*!40000 ALTER TABLE `match_detail` DISABLE KEYS */;
INSERT INTO `match_detail` VALUES (1,1,'XFL00100001',4.00,1,NULL,1,1,'{\"overlapCount\": 4, \"candidateTypes\": [2, 7, 9], \"initiatorTypes\": [4, 9, 2], \"candidateEnneagram\": {\"top3\": [2, 7, 9], \"validTypes\": [2, 7, 9], \"percentages\": {\"1\": 0.45, \"2\": 0.85, \"3\": 0.52, \"4\": 0.38, \"5\": 0.42, \"6\": 0.55, \"7\": 0.78, \"8\": 0.48, \"9\": 0.72}, \"matchableOppositeCount\": 4, \"matchableOppositeTypes\": [1, 4, 5, 7]}, \"initiatorEnneagram\": {\"top3\": [4, 9, 2], \"validTypes\": [4, 9, 2], \"percentages\": {\"1\": 0.52, \"2\": 0.68, \"3\": 0.45, \"4\": 0.82, \"5\": 0.48, \"6\": 0.55, \"7\": 0.6, \"8\": 0.42, \"9\": 0.75}, \"matchableOppositeCount\": 4, \"matchableOppositeTypes\": [2, 5, 7, 9]}}'),(2,1,'XFL00100002',16.00,0,NULL,1,0,'{\"overlapCount\": 4, \"candidateTypes\": [3, 1, 8], \"initiatorTypes\": [4, 9, 2], \"candidateEnneagram\": {\"top3\": [3, 1, 8], \"validTypes\": [3, 1, 8], \"percentages\": {\"1\": 0.72, \"2\": 0.48, \"3\": 0.88, \"4\": 0.45, \"5\": 0.52, \"6\": 0.55, \"7\": 0.65, \"8\": 0.7, \"9\": 0.58}, \"matchableOppositeCount\": 5, \"matchableOppositeTypes\": [2, 4, 6, 7, 9]}, \"initiatorEnneagram\": {\"top3\": [4, 9, 2], \"validTypes\": [4, 9, 2], \"percentages\": {\"1\": 0.52, \"2\": 0.68, \"3\": 0.45, \"4\": 0.82, \"5\": 0.48, \"6\": 0.55, \"7\": 0.6, \"8\": 0.42, \"9\": 0.75}, \"matchableOppositeCount\": 4, \"matchableOppositeTypes\": [2, 5, 7, 9]}}'),(3,1,'XFL00100006',6.00,0,NULL,1,0,'{\"overlapCount\": 5, \"candidateTypes\": [9, 6, 2], \"initiatorTypes\": [4, 9, 2], \"candidateEnneagram\": {\"top3\": [9, 6, 2], \"validTypes\": [9, 6, 2], \"percentages\": {\"1\": 0.48, \"2\": 0.68, \"3\": 0.52, \"4\": 0.45, \"5\": 0.5, \"6\": 0.72, \"7\": 0.58, \"8\": 0.42, \"9\": 0.85}, \"matchableOppositeCount\": 5, \"matchableOppositeTypes\": [2, 3, 4, 7, 9]}, \"initiatorEnneagram\": {\"top3\": [4, 9, 2], \"validTypes\": [4, 9, 2], \"percentages\": {\"1\": 0.52, \"2\": 0.68, \"3\": 0.45, \"4\": 0.82, \"5\": 0.48, \"6\": 0.55, \"7\": 0.6, \"8\": 0.42, \"9\": 0.75}, \"matchableOppositeCount\": 4, \"matchableOppositeTypes\": [2, 5, 7, 9]}}'),(4,1,'XFL00116807',-76.00,0,NULL,0,0,'{}'),(5,2,'XFL00100001',-10.00,0,NULL,1,0,'{\"overlapCount\": 2, \"candidateTypes\": [2, 7, 9], \"initiatorTypes\": [7, 2, 9], \"candidateEnneagram\": {\"top3\": [2, 7, 9], \"validTypes\": [2, 7, 9], \"percentages\": {\"1\": 0.45, \"2\": 0.85, \"3\": 0.52, \"4\": 0.38, \"5\": 0.42, \"6\": 0.55, \"7\": 0.78, \"8\": 0.48, \"9\": 0.72}, \"matchableOppositeCount\": 4, \"matchableOppositeTypes\": [1, 4, 5, 7]}, \"initiatorEnneagram\": {\"top3\": [7, 2, 9], \"validTypes\": [7, 2, 9], \"percentages\": {\"1\": 0.55, \"2\": 0.75, \"3\": 0.62, \"4\": 0.48, \"5\": 0.52, \"6\": 0.58, \"7\": 0.9, \"8\": 0.45, \"9\": 0.7}, \"matchableOppositeCount\": 6, \"matchableOppositeTypes\": [1, 3, 5, 6, 7, 9]}}'),(6,2,'XFL00100002',2.00,1,NULL,0,0,'{\"overlapCount\": 1, \"candidateTypes\": [3, 1, 8], \"initiatorTypes\": [7, 2, 9], \"candidateEnneagram\": {\"top3\": [3, 1, 8], \"validTypes\": [3, 1, 8], \"percentages\": {\"1\": 0.72, \"2\": 0.48, \"3\": 0.88, \"4\": 0.45, \"5\": 0.52, \"6\": 0.55, \"7\": 0.65, \"8\": 0.7, \"9\": 0.58}, \"matchableOppositeCount\": 5, \"matchableOppositeTypes\": [2, 4, 6, 7, 9]}, \"initiatorEnneagram\": {\"top3\": [7, 2, 9], \"validTypes\": [7, 2, 9], \"percentages\": {\"1\": 0.55, \"2\": 0.75, \"3\": 0.62, \"4\": 0.48, \"5\": 0.52, \"6\": 0.58, \"7\": 0.9, \"8\": 0.45, \"9\": 0.7}, \"matchableOppositeCount\": 6, \"matchableOppositeTypes\": [1, 3, 5, 6, 7, 9]}}'),(7,2,'XFL00116807',-90.00,0,NULL,0,0,'{}'),(8,3,'XFL00100001',80.00,0,NULL,1,0,'{\"overlapCount\": 4, \"candidateTypes\": [2, 7, 9], \"initiatorTypes\": [1, 5, 6], \"candidateEnneagram\": {\"top3\": [2, 7, 9], \"validTypes\": [2, 7, 9], \"percentages\": {\"1\": 0.45, \"2\": 0.85, \"3\": 0.52, \"4\": 0.38, \"5\": 0.42, \"6\": 0.55, \"7\": 0.78, \"8\": 0.48, \"9\": 0.72}, \"matchableOppositeCount\": 4, \"matchableOppositeTypes\": [1, 4, 5, 7]}, \"initiatorEnneagram\": {\"top3\": [1, 5, 6], \"rawScores\": {\"1\": 23, \"2\": 18, \"3\": 12, \"4\": 13, \"5\": 25, \"6\": 20, \"7\": 10, \"8\": 11, \"9\": 12}, \"percentages\": {\"1\": 0.7419, \"2\": 0.5455, \"3\": 0.4, \"4\": 0.3939, \"5\": 0.7143, \"6\": 0.6667, \"7\": 0.3125, \"8\": 0.3667, \"9\": 0.3529}, \"primaryType\": 1, \"matchableOppositeCount\": 7, \"matchableOppositeTypes\": [2, 4, 5, 8, 9, 1, 6]}}'),(9,3,'XFL00100002',92.00,0,NULL,0,0,'{\"overlapCount\": 4, \"candidateTypes\": [3, 1, 8], \"initiatorTypes\": [1, 5, 6], \"candidateEnneagram\": {\"top3\": [3, 1, 8], \"validTypes\": [3, 1, 8], \"percentages\": {\"1\": 0.72, \"2\": 0.48, \"3\": 0.88, \"4\": 0.45, \"5\": 0.52, \"6\": 0.55, \"7\": 0.65, \"8\": 0.7, \"9\": 0.58}, \"matchableOppositeCount\": 5, \"matchableOppositeTypes\": [2, 4, 6, 7, 9]}, \"initiatorEnneagram\": {\"top3\": [1, 5, 6], \"rawScores\": {\"1\": 23, \"2\": 18, \"3\": 12, \"4\": 13, \"5\": 25, \"6\": 20, \"7\": 10, \"8\": 11, \"9\": 12}, \"percentages\": {\"1\": 0.7419, \"2\": 0.5455, \"3\": 0.4, \"4\": 0.3939, \"5\": 0.7143, \"6\": 0.6667, \"7\": 0.3125, \"8\": 0.3667, \"9\": 0.3529}, \"primaryType\": 1, \"matchableOppositeCount\": 7, \"matchableOppositeTypes\": [2, 4, 5, 8, 9, 1, 6]}}'),(10,3,'XFL00100006',82.00,0,NULL,1,0,'{\"overlapCount\": 5, \"candidateTypes\": [9, 6, 2], \"initiatorTypes\": [1, 5, 6], \"candidateEnneagram\": {\"top3\": [9, 6, 2], \"validTypes\": [9, 6, 2], \"percentages\": {\"1\": 0.48, \"2\": 0.68, \"3\": 0.52, \"4\": 0.45, \"5\": 0.5, \"6\": 0.72, \"7\": 0.58, \"8\": 0.42, \"9\": 0.85}, \"matchableOppositeCount\": 5, \"matchableOppositeTypes\": [2, 3, 4, 7, 9]}, \"initiatorEnneagram\": {\"top3\": [1, 5, 6], \"rawScores\": {\"1\": 23, \"2\": 18, \"3\": 12, \"4\": 13, \"5\": 25, \"6\": 20, \"7\": 10, \"8\": 11, \"9\": 12}, \"percentages\": {\"1\": 0.7419, \"2\": 0.5455, \"3\": 0.4, \"4\": 0.3939, \"5\": 0.7143, \"6\": 0.6667, \"7\": 0.3125, \"8\": 0.3667, \"9\": 0.3529}, \"primaryType\": 1, \"matchableOppositeCount\": 7, \"matchableOppositeTypes\": [2, 4, 5, 8, 9, 1, 6]}}'),(11,3,'XFL00116807',0.00,1,NULL,0,0,'{}'),(12,5,'XFL00100001',80.00,0,NULL,0,0,'{}'),(13,5,'XFL00100002',92.00,0,NULL,0,0,'{}'),(14,5,'XFL00100006',82.00,0,NULL,0,0,'{}'),(15,5,'XFL00116807',0.00,1,NULL,0,0,'{}'),(16,6,'XFL00100003',-4.00,1,NULL,1,1,'{\"overlapCount\": 4, \"candidateTypes\": [4, 9, 2], \"initiatorTypes\": [2, 7, 9], \"candidateEnneagram\": {\"top3\": [4, 9, 2], \"validTypes\": [4, 9, 2], \"percentages\": {\"1\": 0.52, \"2\": 0.68, \"3\": 0.45, \"4\": 0.82, \"5\": 0.48, \"6\": 0.55, \"7\": 0.6, \"8\": 0.42, \"9\": 0.75}, \"matchableOppositeCount\": 4, \"matchableOppositeTypes\": [2, 5, 7, 9]}, \"initiatorEnneagram\": {\"top3\": [2, 7, 9], \"validTypes\": [2, 7, 9], \"percentages\": {\"1\": 0.45, \"2\": 0.85, \"3\": 0.52, \"4\": 0.38, \"5\": 0.42, \"6\": 0.55, \"7\": 0.78, \"8\": 0.48, \"9\": 0.72}, \"matchableOppositeCount\": 4, \"matchableOppositeTypes\": [1, 4, 5, 7]}}'),(17,6,'XFL00100008',-12.00,0,NULL,0,0,'{}'),(18,6,'XFL00100009',-10.00,0,NULL,0,0,'{}'),(19,7,'XFL00100006',82.00,0,NULL,0,0,'{}'),(20,8,'XFL00100001',80.00,0,NULL,0,0,'{}'),(21,8,'XFL00100002',92.00,0,NULL,0,0,'{}'),(22,8,'XFL00100006',82.00,0,NULL,0,0,'{}'),(23,8,'XFL00116807',0.00,1,NULL,0,0,'{}'),(24,10,'XFL00100001',17.00,0,NULL,1,0,'{\"overlapCount\": 4, \"candidateTypes\": [2, 7, 9], \"initiatorTypes\": [1, 6, 3], \"candidateEnneagram\": {\"top3\": [2, 7, 9], \"validTypes\": [2, 7, 9], \"percentages\": {\"1\": 0.45, \"2\": 0.85, \"3\": 0.52, \"4\": 0.38, \"5\": 0.42, \"6\": 0.55, \"7\": 0.78, \"8\": 0.48, \"9\": 0.72}, \"matchableOppositeCount\": 4, \"matchableOppositeTypes\": [1, 4, 5, 7]}, \"initiatorEnneagram\": {\"top3\": [1, 6, 3], \"rawScores\": {\"1\": 22, \"2\": 18, \"3\": 18, \"4\": 15, \"5\": 8, \"6\": 21, \"7\": 16, \"8\": 11, \"9\": 15}, \"percentages\": {\"1\": 0.7097, \"2\": 0.5455, \"3\": 0.6, \"4\": 0.4545, \"5\": 0.2286, \"6\": 0.7, \"7\": 0.5, \"8\": 0.3667, \"9\": 0.4412}, \"primaryType\": 1, \"matchableOppositeCount\": 7, \"matchableOppositeTypes\": [9, 8, 1, 2, 4, 5, 6]}}'),(25,10,'XFL00100006',19.00,0,NULL,1,0,'{\"overlapCount\": 5, \"candidateTypes\": [9, 6, 2], \"initiatorTypes\": [1, 6, 3], \"candidateEnneagram\": {\"top3\": [9, 6, 2], \"validTypes\": [9, 6, 2], \"percentages\": {\"1\": 0.48, \"2\": 0.68, \"3\": 0.52, \"4\": 0.45, \"5\": 0.5, \"6\": 0.72, \"7\": 0.58, \"8\": 0.42, \"9\": 0.85}, \"matchableOppositeCount\": 5, \"matchableOppositeTypes\": [2, 3, 4, 7, 9]}, \"initiatorEnneagram\": {\"top3\": [1, 6, 3], \"rawScores\": {\"1\": 22, \"2\": 18, \"3\": 18, \"4\": 15, \"5\": 8, \"6\": 21, \"7\": 16, \"8\": 11, \"9\": 15}, \"percentages\": {\"1\": 0.7097, \"2\": 0.5455, \"3\": 0.6, \"4\": 0.4545, \"5\": 0.2286, \"6\": 0.7, \"7\": 0.5, \"8\": 0.3667, \"9\": 0.4412}, \"primaryType\": 1, \"matchableOppositeCount\": 7, \"matchableOppositeTypes\": [9, 8, 1, 2, 4, 5, 6]}}'),(26,10,'XFL00116807',-63.00,0,NULL,0,0,'{}'),(27,11,'XFL00100001',34.00,0,NULL,1,0,'{\"overlapCount\": 2, \"candidateTypes\": [2, 7, 9], \"initiatorTypes\": [2, 3, 9], \"candidateEnneagram\": {\"top3\": [2, 7, 9], \"validTypes\": [2, 7, 9], \"percentages\": {\"1\": 0.45, \"2\": 0.85, \"3\": 0.52, \"4\": 0.38, \"5\": 0.42, \"6\": 0.55, \"7\": 0.78, \"8\": 0.48, \"9\": 0.72}, \"matchableOppositeCount\": 4, \"matchableOppositeTypes\": [1, 4, 5, 7]}, \"initiatorEnneagram\": {\"top3\": [2, 3, 9], \"rawScores\": {\"1\": 15, \"2\": 22, \"3\": 16, \"4\": 14, \"5\": 16, \"6\": 14, \"7\": 14, \"8\": 15, \"9\": 18}, \"percentages\": {\"1\": 0.4839, \"2\": 0.6667, \"3\": 0.5333, \"4\": 0.4242, \"5\": 0.4571, \"6\": 0.4667, \"7\": 0.4375, \"8\": 0.5, \"9\": 0.5294}, \"primaryType\": 2, \"matchableOppositeCount\": 8, \"matchableOppositeTypes\": [8, 1, 4, 6, 3, 5, 7, 9]}}'),(28,11,'XFL00100002',46.00,0,NULL,1,0,'{\"overlapCount\": 6, \"candidateTypes\": [3, 1, 8], \"initiatorTypes\": [2, 3, 9], \"candidateEnneagram\": {\"top3\": [3, 1, 8], \"validTypes\": [3, 1, 8], \"percentages\": {\"1\": 0.72, \"2\": 0.48, \"3\": 0.88, \"4\": 0.45, \"5\": 0.52, \"6\": 0.55, \"7\": 0.65, \"8\": 0.7, \"9\": 0.58}, \"matchableOppositeCount\": 5, \"matchableOppositeTypes\": [2, 4, 6, 7, 9]}, \"initiatorEnneagram\": {\"top3\": [2, 3, 9], \"rawScores\": {\"1\": 15, \"2\": 22, \"3\": 16, \"4\": 14, \"5\": 16, \"6\": 14, \"7\": 14, \"8\": 15, \"9\": 18}, \"percentages\": {\"1\": 0.4839, \"2\": 0.6667, \"3\": 0.5333, \"4\": 0.4242, \"5\": 0.4571, \"6\": 0.4667, \"7\": 0.4375, \"8\": 0.5, \"9\": 0.5294}, \"primaryType\": 2, \"matchableOppositeCount\": 8, \"matchableOppositeTypes\": [8, 1, 4, 6, 3, 5, 7, 9]}}'),(29,11,'XFL00100006',36.00,0,NULL,1,0,'{\"overlapCount\": 3, \"candidateTypes\": [9, 6, 2], \"initiatorTypes\": [2, 3, 9], \"candidateEnneagram\": {\"top3\": [9, 6, 2], \"validTypes\": [9, 6, 2], \"percentages\": {\"1\": 0.48, \"2\": 0.68, \"3\": 0.52, \"4\": 0.45, \"5\": 0.5, \"6\": 0.72, \"7\": 0.58, \"8\": 0.42, \"9\": 0.85}, \"matchableOppositeCount\": 5, \"matchableOppositeTypes\": [2, 3, 4, 7, 9]}, \"initiatorEnneagram\": {\"top3\": [2, 3, 9], \"rawScores\": {\"1\": 15, \"2\": 22, \"3\": 16, \"4\": 14, \"5\": 16, \"6\": 14, \"7\": 14, \"8\": 15, \"9\": 18}, \"percentages\": {\"1\": 0.4839, \"2\": 0.6667, \"3\": 0.5333, \"4\": 0.4242, \"5\": 0.4571, \"6\": 0.4667, \"7\": 0.4375, \"8\": 0.5, \"9\": 0.5294}, \"primaryType\": 2, \"matchableOppositeCount\": 8, \"matchableOppositeTypes\": [8, 1, 4, 6, 3, 5, 7, 9]}}'),(30,11,'XFL00116807',-46.00,0,NULL,0,0,'{}'),(31,12,'XFL00100001',80.00,0,NULL,1,0,'{\"overlapCount\": 4, \"candidateTypes\": [2, 7, 9], \"initiatorTypes\": [1, 5, 6], \"candidateEnneagram\": {\"top3\": [2, 7, 9], \"validTypes\": [2, 7, 9], \"percentages\": {\"1\": 0.45, \"2\": 0.85, \"3\": 0.52, \"4\": 0.38, \"5\": 0.42, \"6\": 0.55, \"7\": 0.78, \"8\": 0.48, \"9\": 0.72}, \"matchableOppositeCount\": 4, \"matchableOppositeTypes\": [1, 4, 5, 7]}, \"initiatorEnneagram\": {\"top3\": [1, 5, 6], \"rawScores\": {\"1\": 23, \"2\": 18, \"3\": 12, \"4\": 13, \"5\": 25, \"6\": 20, \"7\": 10, \"8\": 11, \"9\": 12}, \"percentages\": {\"1\": 0.7419, \"2\": 0.5455, \"3\": 0.4, \"4\": 0.3939, \"5\": 0.7143, \"6\": 0.6667, \"7\": 0.3125, \"8\": 0.3667, \"9\": 0.3529}, \"primaryType\": 1, \"matchableOppositeCount\": 7, \"matchableOppositeTypes\": [2, 4, 5, 8, 9, 1, 6]}}'),(32,12,'XFL00100002',92.00,0,NULL,0,0,'{\"overlapCount\": 4, \"candidateTypes\": [3, 1, 8], \"initiatorTypes\": [1, 5, 6], \"candidateEnneagram\": {\"top3\": [3, 1, 8], \"validTypes\": [3, 1, 8], \"percentages\": {\"1\": 0.72, \"2\": 0.48, \"3\": 0.88, \"4\": 0.45, \"5\": 0.52, \"6\": 0.55, \"7\": 0.65, \"8\": 0.7, \"9\": 0.58}, \"matchableOppositeCount\": 5, \"matchableOppositeTypes\": [2, 4, 6, 7, 9]}, \"initiatorEnneagram\": {\"top3\": [1, 5, 6], \"rawScores\": {\"1\": 23, \"2\": 18, \"3\": 12, \"4\": 13, \"5\": 25, \"6\": 20, \"7\": 10, \"8\": 11, \"9\": 12}, \"percentages\": {\"1\": 0.7419, \"2\": 0.5455, \"3\": 0.4, \"4\": 0.3939, \"5\": 0.7143, \"6\": 0.6667, \"7\": 0.3125, \"8\": 0.3667, \"9\": 0.3529}, \"primaryType\": 1, \"matchableOppositeCount\": 7, \"matchableOppositeTypes\": [2, 4, 5, 8, 9, 1, 6]}}'),(33,12,'XFL00100006',82.00,0,NULL,1,0,'{\"overlapCount\": 5, \"candidateTypes\": [9, 6, 2], \"initiatorTypes\": [1, 5, 6], \"candidateEnneagram\": {\"top3\": [9, 6, 2], \"validTypes\": [9, 6, 2], \"percentages\": {\"1\": 0.48, \"2\": 0.68, \"3\": 0.52, \"4\": 0.45, \"5\": 0.5, \"6\": 0.72, \"7\": 0.58, \"8\": 0.42, \"9\": 0.85}, \"matchableOppositeCount\": 5, \"matchableOppositeTypes\": [2, 3, 4, 7, 9]}, \"initiatorEnneagram\": {\"top3\": [1, 5, 6], \"rawScores\": {\"1\": 23, \"2\": 18, \"3\": 12, \"4\": 13, \"5\": 25, \"6\": 20, \"7\": 10, \"8\": 11, \"9\": 12}, \"percentages\": {\"1\": 0.7419, \"2\": 0.5455, \"3\": 0.4, \"4\": 0.3939, \"5\": 0.7143, \"6\": 0.6667, \"7\": 0.3125, \"8\": 0.3667, \"9\": 0.3529}, \"primaryType\": 1, \"matchableOppositeCount\": 7, \"matchableOppositeTypes\": [2, 4, 5, 8, 9, 1, 6]}}'),(34,12,'XFL00116807',0.00,1,NULL,0,0,'{}'),(35,13,'XFL00100001',17.00,0,NULL,1,0,'{\"overlapCount\": 4, \"candidateTypes\": [2, 7, 9], \"initiatorTypes\": [1, 6, 3], \"candidateEnneagram\": {\"top3\": [2, 7, 9], \"validTypes\": [2, 7, 9], \"percentages\": {\"1\": 0.45, \"2\": 0.85, \"3\": 0.52, \"4\": 0.38, \"5\": 0.42, \"6\": 0.55, \"7\": 0.78, \"8\": 0.48, \"9\": 0.72}, \"matchableOppositeCount\": 4, \"matchableOppositeTypes\": [1, 4, 5, 7]}, \"initiatorEnneagram\": {\"top3\": [1, 6, 3], \"rawScores\": {\"1\": 22, \"2\": 18, \"3\": 18, \"4\": 15, \"5\": 8, \"6\": 21, \"7\": 16, \"8\": 11, \"9\": 15}, \"percentages\": {\"1\": 0.7097, \"2\": 0.5455, \"3\": 0.6, \"4\": 0.4545, \"5\": 0.2286, \"6\": 0.7, \"7\": 0.5, \"8\": 0.3667, \"9\": 0.4412}, \"primaryType\": 1, \"matchableOppositeCount\": 7, \"matchableOppositeTypes\": [9, 8, 1, 2, 4, 5, 6]}}'),(36,13,'XFL00100006',19.00,0,NULL,1,0,'{\"overlapCount\": 5, \"candidateTypes\": [9, 6, 2], \"initiatorTypes\": [1, 6, 3], \"candidateEnneagram\": {\"top3\": [9, 6, 2], \"validTypes\": [9, 6, 2], \"percentages\": {\"1\": 0.48, \"2\": 0.68, \"3\": 0.52, \"4\": 0.45, \"5\": 0.5, \"6\": 0.72, \"7\": 0.58, \"8\": 0.42, \"9\": 0.85}, \"matchableOppositeCount\": 5, \"matchableOppositeTypes\": [2, 3, 4, 7, 9]}, \"initiatorEnneagram\": {\"top3\": [1, 6, 3], \"rawScores\": {\"1\": 22, \"2\": 18, \"3\": 18, \"4\": 15, \"5\": 8, \"6\": 21, \"7\": 16, \"8\": 11, \"9\": 15}, \"percentages\": {\"1\": 0.7097, \"2\": 0.5455, \"3\": 0.6, \"4\": 0.4545, \"5\": 0.2286, \"6\": 0.7, \"7\": 0.5, \"8\": 0.3667, \"9\": 0.4412}, \"primaryType\": 1, \"matchableOppositeCount\": 7, \"matchableOppositeTypes\": [9, 8, 1, 2, 4, 5, 6]}}'),(37,13,'XFL00116807',-63.00,0,NULL,0,0,'{}');
/*!40000 ALTER TABLE `match_detail` ENABLE KEYS */;
UNLOCK TABLES;

--
-- Table structure for table `service_track`
--

DROP TABLE IF EXISTS `service_track`;
/*!40101 SET @saved_cs_client     = @@character_set_client */;
/*!50503 SET character_set_client = utf8mb4 */;
CREATE TABLE `service_track` (
  `id` bigint NOT NULL AUTO_INCREMENT COMMENT '轨迹ID',
  `store_id` char(6) COLLATE utf8mb4_unicode_ci NOT NULL COMMENT '门店ID',
  `initiator_id` varchar(20) COLLATE utf8mb4_unicode_ci NOT NULL COMMENT '本方用户ID',
  `target_id` varchar(20) COLLATE utf8mb4_unicode_ci DEFAULT NULL COMMENT '对方用户ID（关联对象，治疗轨迹可为空）',
  `type` tinyint NOT NULL COMMENT '轨迹类型: 1-匹配反馈, 2-约见记录, 3-治疗记录',
  `status` tinyint DEFAULT NULL COMMENT '进度状态（如: 看中/未看中, 已约见/反馈等）',
  `feedback_content` text COLLATE utf8mb4_unicode_ci COMMENT '详细反馈内容/治疗记录',
  `event_time` datetime DEFAULT NULL COMMENT '匹配/约见时间',
  `created_by` varchar(20) COLLATE utf8mb4_unicode_ci NOT NULL COMMENT '记录人（红娘ID）',
  `created_at` datetime NOT NULL DEFAULT CURRENT_TIMESTAMP COMMENT '创建时间',
  `updated_at` datetime NOT NULL DEFAULT CURRENT_TIMESTAMP ON UPDATE CURRENT_TIMESTAMP COMMENT '更新时间',
  PRIMARY KEY (`id`),
  KEY `idx_store_initiator` (`store_id`,`initiator_id`),
  KEY `idx_target_id` (`target_id`),
  KEY `idx_type` (`type`),
  KEY `idx_event_time` (`event_time`)
) ENGINE=InnoDB AUTO_INCREMENT=15 DEFAULT CHARSET=utf8mb4 COLLATE=utf8mb4_unicode_ci COMMENT='服务轨迹表';
/*!40101 SET character_set_client = @saved_cs_client */;

--
-- Dumping data for table `service_track`
--

LOCK TABLES `service_track` WRITE;
/*!40000 ALTER TABLE `service_track` DISABLE KEYS */;
INSERT INTO `service_track` VALUES (1,'XFL001','XFL00100007','XFL00100001',1,0,'{\"myResult\":\"看中\"}','2026-01-20 12:27:32','XFL001G16807','2026-01-20 12:27:39','2026-01-20 12:27:39'),(2,'XFL001','XFL00184035',NULL,1,1,'{\"myResult\":\"看中\"}','2026-01-20 16:44:17','XFL001G16807','2026-01-20 16:42:32','2026-01-22 23:28:40'),(3,'XFL001','XFL00150421','XFL00151264',1,0,'{\"myResult\":\"未看中\"}','2026-01-22 23:20:57','XFL001G16807','2026-01-22 23:23:13','2026-01-22 23:23:13'),(4,'XFL001','XFL00117650','XFL00116807',2,1,'{\"feedback\":\"\",\"peerFeedback\":\"11111111\"}','2026-01-22 23:27:27','XFL001G16807','2026-01-22 23:27:40','2026-01-22 23:31:14'),(5,'XFL001','XFL00184035','XFL00116807',1,1,'{\"myResult\":\"看中\",\"peerResult\":\"未看中\"}','2026-01-22 23:29:33','XFL001G16807','2026-01-22 23:29:38','2026-01-22 23:30:05'),(6,'XFL001','XFL00150421','XFL00116807',1,1,'{\"myResult\":\"看中\",\"peerResult\":\"未看中\"}','2026-01-22 23:30:35','XFL001G16807','2026-01-22 23:30:45','2026-01-22 23:31:02'),(7,'XFL001','XFL00116807','XFL00116807',2,1,'{\"feedback\":\"11111111\"}','2026-01-22 23:31:35','XFL001G16807','2026-01-22 23:31:41','2026-01-22 23:31:41'),(8,'XFL001','XFL00184035','XFL00116807',1,1,'{\"myResult\":\"看中\",\"peerResult\":\"看中\"}','2026-01-23 11:43:35','XFL001G33614','2026-01-23 11:42:17','2026-01-23 11:52:08'),(9,'XFL001','XFL00184035','XFL00116807',2,0,'{\"feedback\":\"\"}','2026-01-23 11:53:39','XFL001G33614','2026-01-23 11:52:32','2026-01-23 11:52:43'),(10,'XFL001','XFL00133614',NULL,1,0,'{\"myResult\":\"未看中\"}','2026-01-23 13:56:34','XFL001G84035','2026-01-23 13:55:22','2026-01-23 16:06:25'),(11,'XFL001','XFL00133614','XFL00116807',1,1,'{\"myResult\":\"看中\",\"peerResult\":\"看中\"}','2026-01-23 13:58:58','XFL001G84035','2026-01-23 13:57:47','2026-01-23 16:10:12'),(12,'XFL001','XFL00116807',NULL,3,NULL,'{\"demand\":\"0000\",\"plan\":\"00000\",\"effect\":\"00000\",\"nextTime\":\"2026-02-11T21:00:00.756Z\"}','2026-01-23 14:17:11','XFL001G84035','2026-01-23 14:15:43','2026-01-23 14:15:43'),(13,'XFL001','XFL00133614','XFL00151264',1,0,'{\"myResult\":\"未看中\"}','2026-01-23 15:43:15','XFL001G16807','2026-01-23 15:43:23','2026-01-23 15:43:23'),(14,'XFL001','XFL00133614','XFL00100843',1,1,'{\"myResult\":\"看中\",\"peerResult\":\"看中\"}','2026-01-23 15:45:33','XFL001G84035','2026-01-23 15:45:39','2026-01-23 16:06:36');
/*!40000 ALTER TABLE `service_track` ENABLE KEYS */;
UNLOCK TABLES;

--
-- Table structure for table `sys_id_sequence`
--

DROP TABLE IF EXISTS `sys_id_sequence`;
/*!40101 SET @saved_cs_client     = @@character_set_client */;
/*!50503 SET character_set_client = utf8mb4 */;
CREATE TABLE `sys_id_sequence` (
  `key_name` varchar(50) COLLATE utf8mb4_unicode_ci NOT NULL COMMENT 'Redis Key名称',
  `current_value` bigint NOT NULL DEFAULT '0' COMMENT '当前序列号值',
  `description` varchar(100) COLLATE utf8mb4_unicode_ci DEFAULT NULL COMMENT '描述',
  `updated_at` datetime NOT NULL DEFAULT CURRENT_TIMESTAMP ON UPDATE CURRENT_TIMESTAMP COMMENT '更新时间',
  PRIMARY KEY (`key_name`)
) ENGINE=InnoDB DEFAULT CHARSET=utf8mb4 COLLATE=utf8mb4_unicode_ci COMMENT='ID序列号记录表';
/*!40101 SET character_set_client = @saved_cs_client */;

--
-- Dumping data for table `sys_id_sequence`
--

LOCK TABLES `sys_id_sequence` WRITE;
/*!40000 ALTER TABLE `sys_id_sequence` DISABLE KEYS */;
INSERT INTO `sys_id_sequence` VALUES ('sys:store:seq',0,'门店ID序列号','2026-01-20 11:09:40'),('sys:user:global:seq',0,'全局用户序列号（用于混淆计算）','2026-01-20 11:09:40');
/*!40000 ALTER TABLE `sys_id_sequence` ENABLE KEYS */;
UNLOCK TABLES;

--
-- Table structure for table `sys_store`
--

DROP TABLE IF EXISTS `sys_store`;
/*!40101 SET @saved_cs_client     = @@character_set_client */;
/*!50503 SET character_set_client = utf8mb4 */;
CREATE TABLE `sys_store` (
  `id` char(6) COLLATE utf8mb4_unicode_ci NOT NULL COMMENT '门店ID (如: XFL001)',
  `name` varchar(50) COLLATE utf8mb4_unicode_ci NOT NULL COMMENT '门店名称',
  `mv_template_id` tinyint NOT NULL DEFAULT '3' COMMENT '绑定的MV地域方案ID (1:广东周边, 2:江浙周边, 3:全国普适, 4:京沪, 5:东北新疆)',
  `business_license_name` varchar(200) COLLATE utf8mb4_unicode_ci DEFAULT NULL COMMENT '营业执照名称',
  `credit_code` varchar(50) COLLATE utf8mb4_unicode_ci DEFAULT NULL COMMENT '统一社会信用代码',
  `province` varchar(50) COLLATE utf8mb4_unicode_ci DEFAULT NULL COMMENT '省份',
  `city` varchar(50) COLLATE utf8mb4_unicode_ci DEFAULT NULL COMMENT '市',
  `district` varchar(50) COLLATE utf8mb4_unicode_ci DEFAULT NULL COMMENT '区',
  `address` varchar(200) COLLATE utf8mb4_unicode_ci DEFAULT NULL COMMENT '详细地址',
  `contact_person` varchar(50) COLLATE utf8mb4_unicode_ci DEFAULT NULL COMMENT '联系人',
  `contact_phone` varchar(20) COLLATE utf8mb4_unicode_ci DEFAULT NULL COMMENT '联系电话',
  `contract_number` varchar(100) COLLATE utf8mb4_unicode_ci DEFAULT NULL COMMENT '合同号',
  `contract_start_date` date DEFAULT NULL COMMENT '签约时间',
  `contract_end_date` date DEFAULT NULL COMMENT '到期时间',
  `status` tinyint NOT NULL DEFAULT '1' COMMENT '状态: 1-正常, 0-禁用',
  `created_at` datetime NOT NULL DEFAULT CURRENT_TIMESTAMP COMMENT '创建时间',
  `updated_at` datetime NOT NULL DEFAULT CURRENT_TIMESTAMP ON UPDATE CURRENT_TIMESTAMP COMMENT '更新时间',
  PRIMARY KEY (`id`),
  KEY `idx_status` (`status`),
  KEY `idx_credit_code` (`credit_code`),
  KEY `idx_province_city` (`province`,`city`)
) ENGINE=InnoDB DEFAULT CHARSET=utf8mb4 COLLATE=utf8mb4_unicode_ci COMMENT='门店表';
/*!40101 SET character_set_client = @saved_cs_client */;

--
-- Dumping data for table `sys_store`
--

LOCK TABLES `sys_store` WRITE;
/*!40000 ALTER TABLE `sys_store` DISABLE KEYS */;
INSERT INTO `sys_store` VALUES ('XFL001','XFL002',2,NULL,NULL,NULL,NULL,NULL,NULL,NULL,NULL,NULL,NULL,NULL,1,'2026-01-20 11:09:40','2026-01-22 23:12:22'),('XFL002','东莞幸福力',1,NULL,NULL,NULL,NULL,NULL,NULL,NULL,NULL,NULL,NULL,NULL,1,'2026-01-22 23:12:56','2026-01-22 23:12:56'),('XFL003','佛山幸福里',5,NULL,NULL,NULL,NULL,NULL,NULL,NULL,NULL,NULL,'2026-01-22','2026-01-30',1,'2026-01-22 23:13:22','2026-01-22 23:14:39');
/*!40000 ALTER TABLE `sys_store` ENABLE KEYS */;
UNLOCK TABLES;

--
-- Table structure for table `sys_user`
--

DROP TABLE IF EXISTS `sys_user`;
/*!40101 SET @saved_cs_client     = @@character_set_client */;
/*!50503 SET character_set_client = utf8mb4 */;
CREATE TABLE `sys_user` (
  `id` varchar(20) COLLATE utf8mb4_unicode_ci NOT NULL COMMENT '后台用户ID (如: XFL001G13702)',
  `store_id` char(6) COLLATE utf8mb4_unicode_ci DEFAULT NULL COMMENT '所属门店ID (超级管理员可为空)',
  `username` varchar(50) COLLATE utf8mb4_unicode_ci NOT NULL COMMENT '登录账号/姓名',
  `name` varchar(50) COLLATE utf8mb4_unicode_ci DEFAULT NULL COMMENT '真实姓名',
  `id_card` varchar(18) COLLATE utf8mb4_unicode_ci DEFAULT NULL COMMENT '身份证号',
  `password` varchar(100) COLLATE utf8mb4_unicode_ci NOT NULL COMMENT '加密密码 (BCrypt)',
  `phone` varchar(20) COLLATE utf8mb4_unicode_ci DEFAULT NULL COMMENT '手机号',
  `role` varchar(20) COLLATE utf8mb4_unicode_ci NOT NULL COMMENT '角色: super_admin-超级管理员, admin-门店老板, manager-门店负责人, matchmaker-红娘',
  `status` tinyint NOT NULL DEFAULT '0' COMMENT '状态: 1-正常, 0-待审核, -1-禁用',
  `created_at` datetime NOT NULL DEFAULT CURRENT_TIMESTAMP COMMENT '创建时间',
  `updated_at` datetime NOT NULL DEFAULT CURRENT_TIMESTAMP ON UPDATE CURRENT_TIMESTAMP COMMENT '更新时间',
  PRIMARY KEY (`id`),
  KEY `idx_store_id` (`store_id`),
  KEY `idx_username` (`username`),
  KEY `idx_phone` (`phone`),
  KEY `idx_status` (`status`),
  KEY `idx_id_card` (`id_card`)
) ENGINE=InnoDB DEFAULT CHARSET=utf8mb4 COLLATE=utf8mb4_unicode_ci COMMENT='后台用户表';
/*!40101 SET character_set_client = @saved_cs_client */;

--
-- Dumping data for table `sys_user`
--

LOCK TABLES `sys_user` WRITE;
/*!40000 ALTER TABLE `sys_user` DISABLE KEYS */;
INSERT INTO `sys_user` VALUES ('SUPER_ADMIN',NULL,'super_admin',NULL,NULL,'$2b$10$W0Da0AiFJf28oh4o4el.xOHBNeGIUkOsKBi.RRCszfFFrECigq6ji',NULL,'super_admin',1,'2026-01-20 11:09:40','2026-01-20 11:09:40'),('XFL001G16807','XFL001','admin','管理员','440981199410111111','$2b$10$p5Sg0iftHyTtv75U35hH5OTgY6XLHBa0yTiXruBhPIiOMj/DnrXNy','15521303999','admin',1,'2026-01-20 12:21:24','2026-01-20 12:21:57'),('XFL001G33614','XFL001','幸福力家家老师','麦小家','44068419920811692X','$2b$10$XAye2gw6TADQpy8uuKvxQeX5OFNlui1H5/MIE519peEwTZdZTlh9O','13927757403','matchmaker',1,'2026-01-20 16:21:11','2026-01-23 12:48:06'),('XFL001G50421','XFL001','666','666','420682199902090544','$2b$10$Fv09vs2vhqG7VgRtvo0epuynmQI5b/ulYybDfootfXI1ADnGJDZ7W','13288338373','matchmaker',1,'2026-01-20 16:34:01','2026-01-20 16:58:48'),('XFL001G67228','XFL001','冰冰老师','关美冰','440684198305040045','$2b$10$RlMFsbF6z.G5c3Dm2KbEL.mOguDPT.90g1oeRqHJjgLD2/LBjJ59q','13435401570','manager',1,'2026-01-20 16:45:14','2026-01-20 16:45:51'),('XFL001G84035','XFL001','红娘冰冰老师','关美冰','440684198305040054','$2b$10$rF/sXNFlUdTz3Psj4nh6DuSmhUQfsR87N32Iurs9iMY0Lkg8rWY6.','13318207983','matchmaker',1,'2026-01-20 17:33:34','2026-01-20 17:49:21');
/*!40000 ALTER TABLE `sys_user` ENABLE KEYS */;
UNLOCK TABLES;
/*!40103 SET TIME_ZONE=@OLD_TIME_ZONE */;

/*!40101 SET SQL_MODE=@OLD_SQL_MODE */;
/*!40014 SET FOREIGN_KEY_CHECKS=@OLD_FOREIGN_KEY_CHECKS */;
/*!40014 SET UNIQUE_CHECKS=@OLD_UNIQUE_CHECKS */;
/*!40101 SET CHARACTER_SET_CLIENT=@OLD_CHARACTER_SET_CLIENT */;
/*!40101 SET CHARACTER_SET_RESULTS=@OLD_CHARACTER_SET_RESULTS */;
/*!40101 SET COLLATION_CONNECTION=@OLD_COLLATION_CONNECTION */;
/*!40111 SET SQL_NOTES=@OLD_SQL_NOTES */;

-- Dump completed on 2026-01-23 21:04:38
